日期,期号,独胆推荐,7码推荐,形态推荐,开奖号,实际形态,独胆命中,独胆连续未中,7码命中,7码连续未中,7码组三覆盖,形态命中,形态连续未中
2023-07-30,23201,0,0123679,组六,734,组六,未中,1,未中,1,,中,0
2023-07-31,23202,0,0123789,组六,758,组六,未中,2,未中,2,,中,0
2023-08-01,23203,0,0123789,组六,140,组六,中,0,未中,3,,中,0
2023-08-02,23204,0,0123789,组六,014,组六,中,0,未中,4,,中,0
2023-08-03,23205,0,0123789,组六,097,组六,中,0,中,0,,中,0
2023-08-04,23206,0,0123478,组六,448,组三,未中,1,未中,1,组三覆盖,未中,1
2023-08-05,23207,0,0124789,组六,126,组六,未中,2,未中,2,,中,0
2023-08-06,23208,0,0123478,组六,669,组三,未中,3,未中,3,,未中,1
2023-08-07,23209,0,0126789,组三,217,组六,未中,4,中,0,,未中,2
2023-08-08,23210,9,0124789,组六,936,组六,中,0,未中,1,,中,0
2023-08-09,23211,0,0124679,组六,792,组六,未中,1,中,0,,中,0
2023-08-10,23212,0,0124679,组六,853,组六,未中,2,未中,1,,中,0
2023-08-11,23213,0,0126789,组六,077,组三,中,0,未中,2,组三覆盖,未中,1
2023-08-12,23214,0,0126789,组六,101,组三,中,0,未中,3,组三覆盖,未中,2
2023-08-13,23215,0,0123578,组三,480,组六,中,0,未中,4,,未中,3
2023-08-14,23216,0,0123789,组三,138,组六,未中,1,中,0,,未中,4
2023-08-15,23217,0,0136789,组六,748,组六,未中,2,未中,1,,中,0
2023-08-16,23218,0,0134789,组六,942,组六,未中,3,未中,2,,中,0
2023-08-17,23219,4,0134789,组六,738,组六,未中,4,中,0,,中,0
2023-08-18,23220,7,0134789,组六,035,组六,未中,5,未中,1,,中,0
2023-08-19,23221,5,0134789,组六,649,组六,未中,6,未中,2,,中,0
2023-08-20,23222,6,0134789,组六,977,组三,未中,7,未中,3,组三覆盖,未中,1
2023-08-21,23223,7,0126789,组六,740,组六,中,0,未中,4,,中,0
2023-08-22,23224,4,0126789,组六,374,组六,中,0,未中,5,,中,0
2023-08-23,23225,7,0125689,组六,118,组三,未中,1,未中,6,组三覆盖,未中,1
2023-08-24,23226,4,2345679,组六,535,组三,未中,2,未中,7,组三覆盖,未中,2
2023-08-25,23227,4,0245789,组六,901,组六,未中,3,未中,8,,中,0
2023-08-26,23228,3,0246789,组三,773,组三,中,0,未中,9,,中,0
2023-08-27,23229,3,0246789,组六,678,组六,未中,1,中,0,,中,0
2023-08-28,23230,7,0134678,组六,949,组三,未中,2,未中,1,,未中,1
2023-08-29,23231,7,0134789,组六,365,组六,未中,3,未中,2,,中,0
2023-08-30,23232,3,0134789,组六,860,组六,未中,4,未中,3,,中,0
2023-08-31,23233,3,0136789,组六,124,组六,未中,5,未中,4,,中,0
2023-09-01,23234,4,0136789,组六,805,组六,未中,6,未中,5,,中,0
2023-09-02,23235,6,1345679,组六,424,组三,未中,7,未中,6,,未中,1
2023-09-03,23236,7,3456789,组六,270,组六,中,0,未中,7,,中,0
2023-09-04,23237,7,0134789,组六,798,组六,中,0,中,0,,中,0
2023-09-05,23238,7,0234678,组六,562,组六,未中,1,未中,1,,中,0
2023-09-06,23239,7,0123478,组六,440,组三,未中,2,未中,2,组三覆盖,未中,1
2023-09-07,23240,7,0123478,组六,702,组六,中,0,中,0,,中,0
2023-09-08,23241,7,0234789,组六,935,组六,未中,1,未中,1,,中,0
2023-09-09,23242,7,0234789,组六,987,组六,中,0,中,0,,中,0
2023-09-10,23243,7,0234789,组六,966,组三,未中,1,未中,1,,未中,1
2023-09-11,23244,7,0234789,组六,315,组六,未中,2,未中,2,,中,0
2023-09-12,23245,7,0345789,组六,480,组六,未中,3,中,0,,中,0
2023-09-13,23246,5,0234789,组六,422,组三,未中,4,未中,1,组三覆盖,未中,1
2023-09-14,23247,5,0234789,组六,937,组六,未中,5,中,0,,中,0
2023-09-15,23248,6,0345789,组六,696,组三,中,0,未中,1,,未中,1
2023-09-16,23249,7,0346789,组六,039,组六,未中,1,中,0,,中,0
2023-09-17,23250,7,0346789,组六,180,组六,未中,2,未中,1,,中,0
2023-09-18,23251,7,0134789,组六,736,组六,中,0,未中,2,,中,0
2023-09-19,23252,7,0346789,组六,961,组六,未中,1,未中,3,,中,0
2023-09-20,23253,7,0146789,组六,986,组六,未中,2,中,0,,中,0
2023-09-21,23254,7,0346789,组六,991,组三,未中,3,未中,1,,未中,1
2023-09-22,23255,7,0346789,组六,056,组六,未中,4,未中,2,,中,0
2023-09-23,23256,8,0346789,组六,840,组六,中,0,中,0,,中,0
2023-09-24,23257,0,0346789,组六,908,组六,中,0,中,0,,中,0
2023-09-25,23258,0,0346789,组六,915,组六,未中,1,未中,1,,中,0
2023-09-26,23259,0,0346789,组六,088,组三,中,0,未中,2,组三覆盖,未中,1
2023-09-27,23260,8,0346789,组六,247,组六,未中,1,未中,3,,中,0
2023-09-28,23261,8,0124789,组六,930,组六,未中,2,未中,4,,中,0
2023-09-29,23262,9,0123789,组六,717,组三,未中,3,未中,5,组三覆盖,未中,1
2023-09-30,23263,8,0235689,组六,993,组三,未中,4,未中,6,组三覆盖,未中,2
2023-10-05,23264,8,0124568,组三,925,组六,未中,5,未中,7,,未中,3
2023-10-06,23265,4,0256789,组三,224,组三,中,0,未中,8,,中,0
2023-10-07,23266,9,0156789,组三,133,组三,未中,1,未中,9,,中,0
2023-10-08,23267,9,0156789,组三,554,组三,未中,2,未中,10,,中,0
2023-10-09,23268,9,0256789,组三,975,组六,中,0,中,0,,未中,1
2023-10-10,23269,9,0134579,组六,234,组六,未中,1,未中,1,,中,0
2023-10-11,23270,9,0234589,组六,355,组三,未中,2,未中,2,组三覆盖,未中,1
2023-10-12,23271,9,0234579,组六,096,组六,中,0,未中,3,,中,0
2023-10-13,23272,9,0346789,组六,419,组六,中,0,未中,4,,中,0
2023-10-14,23273,9,0146789,组六,121,组三,未中,1,未中,5,,未中,1
2023-10-15,23274,9,2345679,组六,669,组三,中,0,未中,6,组三覆盖,未中,2
2023-10-16,23275,9,0123457,组六,984,组六,中,0,未中,7,,中,0
2023-10-17,23276,9,0145679,组六,606,组三,未中,1,未中,8,组三覆盖,未中,1
2023-10-18,23277,9,0145679,组六,028,组六,未中,2,未中,9,,中,0
2023-10-19,23278,9,0145679,组六,070,组三,未中,3,未中,10,组三覆盖,未中,1
2023-10-20,23279,0,0145679,组三,391,组六,未中,4,未中,11,,未中,2
2023-10-21,23280,0,0145689,组六,601,组六,中,0,中,0,,中,0
2023-10-22,23281,9,0134689,组六,344,组三,未中,1,未中,1,组三覆盖,未中,1
2023-10-23,23282,9,0134689,组六,308,组六,未中,2,中,0,,中,0
2023-10-24,23283,9,0123689,组六,029,组六,中,0,中,0,,中,0
2023-10-25,23284,9,0123489,组六,382,组六,未中,1,中,0,,中,0
2023-10-26,23285,9,0123789,组六,716,组六,未中,2,未中,1,,中,0
2023-10-27,23286,9,0134689,组六,116,组三,未中,3,未中,2,组三覆盖,未中,1
2023-10-28,23287,4,0134689,组六,894,组六,中,0,中,0,,中,0
2023-10-29,23288,9,0134689,组六,314,组六,未中,1,中,0,,中,0
2023-10-30,23289,9,0123489,组六,998,组三,中,0,未中,1,组三覆盖,未中,1
2023-10-31,23290,9,0123489,组六,154,组六,未中,1,未中,2,,中,0
2023-11-01,23291,9,0134689,组六,150,组六,未中,2,未中,3,,中,0
2023-11-02,23292,9,0134789,组六,968,组六,中,0,未中,4,,中,0
2023-11-03,23293,9,0134789,组六,434,组三,未中,1,未中,5,组三覆盖,未中,1
2023-11-04,23294,9,1245689,组六,667,组三,未中,2,未中,6,,未中,2
2023-11-05,23295,9,0123458,组六,882,组三,未中,3,未中,7,组三覆盖,未中,3
2023-11-06,23296,4,0145679,组三,807,组六,未中,4,未中,8,,未中,4
2023-11-07,23297,9,0134679,组六,761,组六,未中,5,中,0,,中,0
2023-11-08,23298,5,0134689,组六,365,组六,中,0,未中,1,,中,0
2023-11-09,23299,9,0134689,组六,808,组三,未中,1,未中,2,组三覆盖,未中,1
2023-11-10,23300,0,0134689,组六,296,组六,未中,2,未中,3,,中,0
2023-11-11,23301,9,0123789,组六,041,组六,未中,3,未中,4,,中,0
2023-11-12,23302,4,0123789,组六,161,组三,未中,4,未中,5,,未中,1
2023-11-13,23303,4,0235678,组六,572,组六,未中,5,中,0,,中,0
2023-11-14,23304,2,0123469,组六,728,组六,中,0,未中,1,,中,0
2023-11-15,23305,9,0123689,组六,679,组六,中,0,未中,2,,中,0
2023-11-16,23306,9,0123689,组六,330,组三,未中,1,未中,3,组三覆盖,未中,1
2023-11-17,23307,9,0123789,组六,936,组六,中,0,未中,4,,中,0
2023-11-18,23308,6,0136789,组六,619,组六,中,0,中,0,,中,0
2023-11-19,23309,6,0123679,组六,329,组六,未中,1,中,0,,中,0
2023-11-20,23310,6,1236789,组六,417,组六,未中,2,未中,1,,中,0
2023-11-21,23311,6,1236789,组六,583,组六,未中,3,未中,2,,中,0
2023-11-22,23312,4,0136789,组六,442,组三,中,0,未中,3,,未中,1
2023-11-23,23313,6,0134689,组六,414,组三,未中,1,未中,4,组三覆盖,未中,2
2023-11-24,23314,1,0134689,组三,355,组三,未中,2,未中,5,,中,0
2023-11-25,23315,1,1234679,组三,747,组三,未中,3,未中,6,组三覆盖,中,0
2023-11-26,23316,7,1235689,组三,234,组六,未中,4,未中,7,,未中,1
2023-11-27,23317,9,0146789,组六,397,组六,中,0,未中,8,,中,0
2023-11-28,23318,6,0146789,组六,790,组六,未中,1,中,0,,中,0
2023-11-29,23319,6,0134679,组六,965,组六,中,0,未中,1,,中,0
2023-11-30,23320,6,0134679,组六,697,组六,中,0,中,0,,中,0
2023-12-01,23321,6,0134679,组六,211,组三,未中,1,未中,1,,未中,1
2023-12-02,23322,6,1234679,组六,174,组六,未中,2,中,0,,中,0
2023-12-03,23323,6,1234679,组六,945,组六,未中,3,未中,1,,中,0
2023-12-04,23324,3,0134679,组六,602,组六,未中,4,未中,2,,中,0
2023-12-05,23325,3,0134679,组六,717,组三,未中,5,未中,3,组三覆盖,未中,1
2023-12-06,23326,5,0126789,组六,790,组六,未中,6,中,0,,中,0
2023-12-07,23327,6,1234679,组六,314,组六,未中,7,中,0,,中,0
2023-12-08,23328,6,1234679,组六,882,组三,未中,8,未中,1,,未中,1
2023-12-09,23329,2,1234679,组六,289,组六,中,0,未中,2,,中,0
2023-12-10,23330,1,0124679,组六,531,组六,中,0,未中,3,,中,0
2023-12-11,23331,1,0123689,组六,402,组六,未中,1,未中,4,,中,0
2023-12-12,23332,1,0123689,组六,667,组三,未中,2,未中,5,,未中,1
2023-12-13,23333,1,0124578,组六,989,组三,未中,3,未中,6,,未中,2
2023-12-14,23334,9,0124567,组六,587,组六,未中,4,未中,7,,中,0
2023-12-15,23335,5,0234679,组六,047,组六,未中,5,中,0,,中,0
2023-12-16,23336,3,1246789,组六,821,组六,未中,6,中,0,,中,0
2023-12-17,23337,6,1246789,组六,846,组六,中,0,中,0,,中,0
2023-12-18,23338,9,1246789,组六,380,组六,未中,1,未中,1,,中,0
2023-12-19,23339,9,1246789,组六,482,组六,未中,2,中,0,,中,0
2023-12-20,23340,8,1246789,组六,089,组六,中,0,未中,1,,中,0
2023-12-21,23341,8,0124789,组六,341,组六,未中,1,未中,2,,中,0
2023-12-22,23342,4,1234789,组六,978,组六,未中,2,中,0,,中,0
2023-12-23,23343,9,1246789,组六,730,组六,未中,3,未中,1,,中,0
2023-12-24,23344,4,0234789,组六,801,组六,未中,4,未中,2,,中,0
2023-12-25,23345,5,1234789,组六,678,组六,未中,5,未中,3,,中,0
2023-12-26,23346,7,0136789,组六,258,组六,未中,6,未中,4,,中,0
2023-12-27,23347,4,0126789,组六,742,组六,中,0,未中,5,,中,0
2023-12-28,23348,8,0124568,组六,597,组六,未中,1,未中,6,,中,0
2023-12-29,23349,8,0123478,组六,923,组六,未中,2,未中,7,,中,0
2023-12-30,23350,8,0126789,组六,197,组六,未中,3,中,0,,中,0
2023-12-31,23351,5,1234789,组六,571,组六,中,0,未中,1,,中,0
2024-01-01,24001,8,1234789,组六,403,组六,未中,1,未中,2,,中,0
2024-01-02,24002,8,1234789,组六,544,组三,未中,2,未中,3,,未中,1
2024-01-03,24003,4,1345789,组六,666,豹子,未中,3,未中,4,,未中,2
2024-01-04,24004,9,0134689,组六,665,组三,未中,4,未中,5,,未中,3
2024-01-05,24005,9,1235789,组三,259,组六,中,0,中,0,,未中,4
2024-01-06,24006,4,1245789,组六,284,组六,中,0,中,0,,中,0
2024-01-07,24007,8,1245789,组六,888,豹子,中,0,未中,1,,未中,1
2024-01-08,24008,8,0245789,组六,405,组六,未中,1,中,0,,中,0
2024-01-09,24009,8,0245789,组六,815,组六,中,0,未中,1,,中,0
2024-01-10,24010,8,2456789,组六,281,组六,中,0,未中,2,,中,0
2024-01-11,24011,8,1245789,组六,080,组三,中,0,未中,3,,未中,1
2024-01-12,24012,8,0123789,组六,081,组六,中,0,中,0,,中,0
2024-01-13,24013,8,0124578,组六,985,组六,中,0,未中,1,,中,0
2024-01-14,24014,8,0124578,组六,187,组六,中,0,中,0,,中,0
2024-01-15,24015,8,0124578,组六,475,组六,未中,1,中,0,,中,0
2024-01-16,24016,8,0124578,组六,702,组六,未中,2,中,0,,中,0
2024-01-17,24017,8,0124578,组六,555,豹子,未中,3,未中,1,,未中,1
2024-01-18,24018,5,0124578,组六,859,组六,中,0,未中,2,,中,0
2024-01-19,24019,8,0125789,组六,313,组三,未中,1,未中,3,,未中,1
2024-01-20,24020,8,1234789,组三,406,组六,未中,2,未中,4,,未中,2
2024-01-21,24021,8,0134689,组六,370,组六,未中,3,未中,5,,中,0
2024-01-22,24022,1,0124568,组六,124,组六,中,0,中,0,,中,0
2024-01-23,24023,8,0124578,组六,793,组六,未中,1,未中,1,,中,0
2024-01-24,24024,8,0345789,组六,199,组三,未中,2,未中,2,,未中,1
2024-01-25,24025,8,0145789,组六,314,组六,未中,3,未中,3,,中,0
2024-01-26,24026,0,1346789,组六,751,组六,未中,4,未中,4,,中,0
2024-01-27,24027,2,1346789,组六,502,组六,中,0,未中,5,,中,0
2024-01-28,24028,8,1345679,组六,259,组六,未中,1,未中,6,,中,0
2024-01-29,24029,8,0134567,组六,575,组三,未中,2,未中,7,组三覆盖,未中,1
2024-01-30,24030,8,1234579,组六,951,组六,未中,3,中,0,,中,0
2024-01-31,24031,4,0145789,组六,682,组六,未中,4,未中,1,,中,0
2024-02-01,24032,4,1245789,组六,805,组六,未中,5,未中,2,,中,0
2024-02-02,24033,9,0125789,组六,739,组六,中,0,未中,3,,中,0
2024-02-03,24034,8,0236789,组六,017,组六,未中,1,未中,4,,中,0
2024-02-04,24035,5,0123789,组六,306,组六,未中,2,未中,5,,中,0
2024-02-05,24036,5,1234579,组六,547,组六,中,0,中,0,,中,0
2024-02-06,24037,5,0125789,组六,910,组六,未中,1,中,0,,中,0
2024-02-07,24038,5,0125789,组六,529,组六,中,0,中,0,,中,0
2024-02-18,24039,5,0125789,组六,508,组六,中,0,中,0,,中,0
2024-02-19,24040,5,0125789,组六,514,组六,中,0,未中,1,,中,0
2024-02-20,24041,5,0145789,组六,905,组六,中,0,中,0,,中,0
2024-02-21,24042,5,0145789,组六,342,组六,未中,1,未中,1,,中,0
2024-02-22,24043,5,0145789,组六,296,组六,未中,2,未中,2,,中,0
2024-02-23,24044,5,0125789,组六,885,组三,中,0,未中,3,组三覆盖,未中,1
2024-02-24,24045,5,2356789,组六,757,组三,中,0,未中,4,组三覆盖,未中,2
2024-02-25,24046,5,2356789,组六,702,组六,未中,1,未中,5,,中,0
2024-02-26,24047,5,0345689,组三,760,组六,未中,2,未中,6,,未中,1
2024-02-27,24048,5,0234589,组六,396,组六,未中,3,未中,7,,中,0
2024-02-28,24049,2,1234579,组六,631,组六,未中,4,未中,8,,中,0
2024-02-29,24050,0,1245789,组六,495,组六,未中,5,中,0,,中,0
2024-03-01,24051,7,0125789,组六,674,组六,中,0,未中,1,,中,0
2024-03-02,24052,5,0125789,组六,995,组三,中,0,未中,2,组三覆盖,未中,1
2024-03-03,24053,5,0125679,组六,958,组六,中,0,未中,3,,中,0
2024-03-04,24054,5,1245789,组六,221,组三,未中,1,未中,4,组三覆盖,未中,1
2024-03-05,24055,5,0125789,组六,173,组六,未中,2,未中,5,,中,0
2024-03-06,24056,5,2345689,组六,788,组三,未中,3,未中,6,,未中,1
2024-03-07,24057,4,1234569,组六,765,组六,未中,4,未中,7,,中,0
2024-03-08,24058,3,1245789,组六,065,组六,未中,5,未中,8,,中,0
2024-03-09,24059,2,1234579,组六,629,组六,中,0,未中,9,,中,0
2024-03-10,24060,5,1245789,组六,357,组六,中,0,未中,10,,中,0
2024-03-11,24061,5,1245789,组六,250,组六,中,0,未中,11,,中,0
2024-03-12,24062,5,1456789,组六,784,组六,未中,1,中,0,,中,0
2024-03-13,24063,5,0135679,组六,651,组六,中,0,中,0,,中,0
2024-03-14,24064,5,0135679,组六,132,组六,未中,1,未中,1,,中,0
2024-03-15,24065,5,0125679,组六,903,组六,未中,2,未中,2,,中,0
2024-03-16,24066,5,0235679,组六,803,组六,未中,3,未中,3,,中,0
2024-03-17,24067,7,0123789,组六,549,组六,未中,4,未中,4,,中,0
2024-03-18,24068,2,0123789,组六,239,组六,中,0,中,0,,中,0
2024-03-19,24069,5,0123579,组六,411,组三,未中,1,未中,1,,未中,1
2024-03-20,24070,5,0123569,组六,891,组六,未中,2,未中,2,,中,0
2024-03-21,24071,5,0123579,组六,258,组六,中,0,未中,3,,中,0
2024-03-22,24072,5,1256789,组六,341,组六,未中,1,未中,4,,中,0
2024-03-23,24073,5,1256789,组六,590,组六,中,0,未中,5,,中,0
2024-03-24,24074,5,0123468,组六,629,组六,未中,1,未中,6,,中,0
2024-03-25,24075,5,0123458,组六,285,组六,中,0,中,0,,中,0
2024-03-26,24076,5,0123589,组六,968,组六,未中,1,未中,1,,中,0
2024-03-27,24077,5,0125789,组六,626,组三,未中,2,未中,2,,未中,1
2024-03-28,24078,5,1235689,组六,126,组六,未中,3,中,0,,中,0
2024-03-29,24079,9,0123569,组六,889,组三,中,0,未中,1,,未中,1
2024-03-30,24080,5,0125689,组六,012,组六,未中,1,中,0,,中,0
2024-03-31,24081,5,0125689,组六,928,组六,未中,2,中,0,,中,0
2024-04-01,24082,5,0125689,组六,571,组六,中,0,未中,1,,中,0
2024-04-02,24083,5,0125689,组六,232,组三,未中,1,未中,2,,未中,1
2024-04-03,24084,2,1235689,组六,549,组六,未中,2,未中,3,,中,0
2024-04-04,24085,5,0123579,组六,493,组六,未中,3,未中,4,,中,0
2024-04-05,24086,2,0356789,组六,278,组六,中,0,未中,5,,中,0
2024-04-06,24087,2,0123469,组六,161,组三,未中,1,未中,6,组三覆盖,未中,1
2024-04-07,24088,2,0234789,组六,819,组六,未中,2,未中,7,,中,0
2024-04-08,24089,2,1234589,组六,117,组三,未中,3,未中,8,,未中,1
2024-04-09,24090,2,1235789,组三,206,组六,中,0,未中,9,,未中,2
2024-04-10,24091,2,2345789,组六,196,组六,未中,1,未中,10,,中,0
2024-04-11,24092,9,1235789,组六,150,组六,未中,2,未中,11,,中,0
2024-04-12,24093,9,1235789,组六,935,组六,中,0,中,0,,中,0
2024-04-13,24094,9,1235689,组六,271,组六,未中,1,未中,1,,中,0
2024-04-14,24095,9,1256789,组六,175,组六,未中,2,中,0,,中,0
2024-04-15,24096,1,1256789,组六,463,组六,未中,3,未中,1,,中,0
2024-04-16,24097,1,0123569,组六,863,组六,未中,4,未中,2,,中,0
2024-04-17,24098,3,1235689,组六,247,组六,未中,5,未中,3,,中,0
2024-04-18,24099,0,0123589,组六,102,组六,中,0,中,0,,中,0
2024-04-19,24100,2,1235679,组六,157,组六,未中,1,中,0,,中,0
2024-04-20,24101,2,1256789,组六,030,组三,未中,2,未中,1,,未中,1
2024-04-21,24102,2,1235679,组六,215,组六,中,0,中,0,,中,0
2024-04-22,24103,1,1235689,组六,551,组三,中,0,未中,1,组三覆盖,未中,1
2024-04-23,24104,1,1235689,组三,474,组三,未中,1,未中,2,,中,0
2024-04-24,24105,1,0123579,组三,210,组六,中,0,中,0,,未中,1
2024-04-25,24106,1,0125789,组三,533,组三,未中,1,未中,1,,中,0
2024-04-26,24107,1,0123579,组三,499,组三,未中,2,未中,2,,中,0
2024-04-27,24108,1,0123569,组三,252,组三,未中,3,未中,3,组三覆盖,中,0
2024-04-28,24109,0,0124589,组三,243,组六,未中,4,未中,4,,未中,1
2024-04-29,24110,3,0124689,组三,629,组六,未中,5,中,0,,未中,2
2024-04-30,24111,3,0123459,组六,336,组三,中,0,未中,1,,未中,3
2024-05-01,24112,1,1234569,组六,218,组六,中,0,未中,2,,中,0
2024-05-02,24113,1,1234569,组六,345,组六,未中,1,中,0,,中,0
2024-05-03,24114,1,1234569,组六,548,组六,未中,2,未中,1,,中,0
2024-05-04,24115,1,1234569,组六,620,组六,未中,3,未中,2,,中,0
2024-05-05,24116,6,1234569,组六,348,组六,未中,4,未中,3,,中,0
2024-05-06,24117,6,0125689,组六,185,组六,未中,5,中,0,,中,0
2024-05-07,24118,1,1234568,组六,733,组三,未中,6,未中,1,,未中,1
2024-05-08,24119,1,1234568,组六,255,组三,未中,7,未中,2,组三覆盖,未中,2
2024-05-09,24120,5,1234568,组三,529,组六,中,0,未中,3,,未中,3
2024-05-10,24121,5,0125679,组三,518,组六,中,0,未中,4,,未中,4
2024-05-11,24122,5,0125689,组六,246,组六,未中,1,未中,5,,中,0
2024-05-12,24123,1,0134578,组六,538,组六,未中,2,中,0,,中,0
2024-05-13,24124,5,1234578,组六,835,组六,中,0,中,0,,中,0
2024-05-14,24125,5,1234578,组六,706,组六,未中,1,未中,1,,中,0
2024-05-15,24126,5,1234589,组六,379,组六,未中,2,未中,2,,中,0
2024-05-16,24127,5,1235789,组六,744,组三,未中,3,未中,3,,未中,1
2024-05-17,24128,0,0126789,组六,017,组六,中,0,中,0,,中,0
2024-05-18,24129,5,1234567,组六,278,组六,未中,1,未中,1,,中,0
2024-05-19,24130,1,1234578,组六,122,组三,中,0,未中,2,组三覆盖,未中,1
2024-05-20,24131,1,1235678,组六,571,组六,中,0,中,0,,中,0
2024-05-21,24132,1,0123567,组六,604,组六,未中,1,未中,1,,中,0
2024-05-22,24133,1,1234567,组六,281,组六,中,0,未中,2,,中,0
2024-05-23,24134,1,0123457,组六,660,组三,未中,1,未中,3,,未中,1
2024-05-24,24135,2,0125689,组六,891,组六,未中,2,中,0,,中,0
2024-05-25,24136,2,1234578,组六,062,组六,中,0,未中,1,,中,0
2024-05-26,24137,2,0123578,组六,128,组六,中,0,中,0,,中,0
2024-05-27,24138,2,1245678,组六,997,组三,未中,1,未中,1,,未中,1
2024-05-28,24139,2,1245678,组六,536,组六,未中,2,未中,2,,中,0
2024-05-29,24140,2,1235678,组六,520,组六,中,0,未中,3,,中,0
2024-05-30,24141,2,0123579,组六,804,组六,未中,1,未中,4,,中,0
2024-05-31,24142,2,0123458,组六,426,组六,中,0,未中,5,,中,0
2024-06-01,24143,2,0123478,组六,185,组六,未中,1,未中,6,,中,0
2024-06-02,24144,2,0246789,组六,147,组六,未中,2,未中,7,,中,0
2024-06-03,24145,2,0125689,组六,205,组六,中,0,中,0,,中,0
2024-06-04,24146,2,0123458,组六,991,组三,未中,1,未中,1,,未中,1
2024-06-05,24147,2,0124568,组六,558,组三,未中,2,未中,2,组三覆盖,未中,2
2024-06-06,24148,2,0124568,组六,343,组三,未中,3,未中,3,,未中,3
2024-06-07,24149,0,1235789,组三,676,组三,未中,4,未中,4,,中,0
2024-06-08,24150,0,1235678,组三,129,组六,未中,5,未中,5,,未中,1
2024-06-09,24151,2,0245678,组三,900,组三,未中,6,未中,6,,中,0
2024-06-10,24152,9,0145678,组三,936,组六,中,0,未中,7,,未中,1
2024-06-11,24153,2,1245678,组六,389,组六,未中,1,未中,8,,中,0
2024-06-12,24154,2,1245678,组六,983,组六,未中,2,未中,9,,中,0
2024-06-13,24155,2,1245678,组六,889,组三,未中,3,未中,10,,未中,1
2024-06-14,24156,2,1245679,组六,172,组六,中,0,中,0,,中,0
2024-06-15,24157,8,0123589,组六,211,组三,未中,1,未中,1,组三覆盖,未中,1
2024-06-16,24158,8,0123589,组六,606,组三,未中,2,未中,2,,未中,2
2024-06-17,24159,8,1235689,组六,430,组六,未中,3,未中,3,,中,0
2024-06-18,24160,0,0124569,组三,425,组六,未中,4,中,0,,未中,1
2024-06-19,24161,6,0123589,组六,649,组六,中,0,未中,1,,中,0
2024-06-20,24162,2,1245789,组六,320,组六,中,0,未中,2,,中,0
2024-06-21,24163,2,0125789,组六,514,组六,未中,1,未中,3,,中,0
2024-06-22,24164,2,1234569,组六,006,组三,未中,2,未中,4,,未中,1
2024-06-23,24165,2,0123569,组六,932,组六,中,0,中,0,,中,0
2024-06-24,24166,2,0123458,组六,479,组六,未中,1,未中,1,,中,0
2024-06-25,24167,2,0124689,组六,507,组六,未中,2,未中,2,,中,0
2024-06-26,24168,0,0123469,组六,541,组六,未中,3,未中,3,,中,0
2024-06-27,24169,0,0125789,组六,759,组六,未中,4,中,0,,中,0
2024-06-28,24170,4,0124579,组六,031,组六,未中,5,未中,1,,中,0
2024-06-29,24171,5,0124579,组六,070,组三,未中,6,未中,2,组三覆盖,未中,1
2024-06-30,24172,5,0124579,组六,400,组三,未中,7,未中,3,组三覆盖,未中,2
2024-07-01,24173,8,0125689,组三,658,组六,中,0,中,0,,未中,3
2024-07-02,24174,0,0124579,组三,191,组三,未中,1,未中,1,组三覆盖,中,0
2024-07-03,24175,0,0124579,组三,195,组六,未中,2,中,0,,未中,1
2024-07-04,24176,0,0124579,组六,932,组六,未中,3,未中,1,,中,0
2024-07-05,24177,8,0123459,组六,579,组六,未中,4,未中,2,,中,0
2024-07-06,24178,1,0124579,组六,663,组三,未中,5,未中,3,,未中,1
2024-07-07,24179,9,0125689,组六,535,组三,未中,6,未中,4,,未中,2
2024-07-08,24180,1,0125689,组三,215,组六,中,0,中,0,,未中,3
2024-07-09,24181,3,0123459,组三,323,组三,中,0,未中,1,组三覆盖,中,0
2024-07-10,24182,3,0123459,组三,282,组三,未中,1,未中,2,,中,0
2024-07-11,24183,3,0123459,组六,500,组三,未中,2,未中,3,组三覆盖,未中,1
2024-07-12,24184,3,0124589,组三,730,组六,中,0,未中,4,,未中,2
2024-07-13,24185,3,0124589,组三,884,组三,未中,1,未中,5,组三覆盖,中,0
2024-07-14,24186,3,0135679,组三,367,组六,中,0,中,0,,未中,1
2024-07-15,24187,3,0123459,组六,883,组三,中,0,未中,1,,未中,2
2024-07-16,24188,3,0123589,组六,024,组六,未中,1,未中,2,,中,0
2024-07-17,24189,3,0234589,组六,793,组六,中,0,未中,3,,中,0
2024-07-18,24190,3,0123459,组六,644,组三,未中,1,未中,4,,未中,1
2024-07-19,24191,3,0134569,组六,439,组六,中,0,中,0,,中,0
2024-07-20,24192,3,0345679,组六,340,组六,中,0,中,0,,中,0
2024-07-21,24193,3,0234679,组六,006,组三,未中,1,未中,1,组三覆盖,未中,1
2024-07-22,24194,3,0234569,组六,078,组六,未中,2,未中,2,,中,0
2024-07-23,24195,3,0234579,组六,517,组六,未中,3,未中,3,,中,0
2024-07-24,24196,1,0156789,组六,539,组六,未中,4,未中,4,,中,0
2024-07-25,24197,7,0156789,组六,105,组六,未中,5,中,0,,中,0
2024-07-26,24198,4,0134579,组六,550,组三,未中,6,未中,1,组三覆盖,未中,1
2024-07-27,24199,0,0134579,组六,558,组三,未中,7,未中,2,,未中,2
2024-07-28,24200,5,0134579,组三,380,组六,未中,8,未中,3,,未中,3
2024-07-29,24201,6,0125689,组三,515,组三,未中,9,未中,4,组三覆盖,中,0
2024-07-30,24202,7,0123589,组三,187,组六,中,0,未中,5,,未中,1
2024-07-31,24203,3,0345689,组六,592,组六,未中,1,未中,6,,中,0
2024-08-01,24204,3,0134678,组六,047,组六,未中,2,中,0,,中,0
2024-08-02,24205,3,0345789,组六,241,组六,未中,3,未中,1,,中,0
2024-08-03,24206,6,0134578,组六,446,组三,中,0,未中,2,,未中,1
2024-08-04,24207,0,0134578,组六,982,组六,未中,1,未中,3,,中,0
2024-08-05,24208,5,0123569,组六,973,组六,未中,2,未中,4,,中,0
2024-08-06,24209,5,0123569,组六,535,组三,中,0,未中,5,组三覆盖,未中,1
2024-08-07,24210,5,0126789,组六,285,组六,中,0,未中,6,,中,0
2024-08-08,24211,5,0146789,组六,649,组六,未中,1,中,0,,中,0
2024-08-09,24212,5,0123459,组六,727,组三,未中,2,未中,1,,未中,1
2024-08-10,24213,5,0234589,组六,734,组六,未中,3,未中,2,,中,0
2024-08-11,24214,7,0235789,组六,145,组六,未中,4,未中,3,,中,0
2024-08-12,24215,9,0123579,组六,877,组三,未中,5,未中,4,,未中,1
2024-08-13,24216,2,0123579,组六,848,组三,未中,6,未中,5,,未中,2
2024-08-14,24217,2,1345789,组六,111,豹子,未中,7,未中,6,,未中,3
2024-08-15,24218,7,2346789,组三,291,组六,未中,8,未中,7,,未中,4
2024-08-16,24219,3,0235679,组六,971,组六,未中,9,未中,8,,中,0
2024-08-17,24220,7,0123457,组六,724,组六,中,0,中,0,,中,0
2024-08-18,24221,4,1234578,组六,500,组三,未中,1,未中,1,,未中,1
2024-08-19,24222,4,1234578,组六,993,组三,未中,2,未中,2,,未中,2
2024-08-20,24223,4,1234578,组六,549,组六,中,0,未中,3,,中,0
2024-08-21,24224,4,0123589,组六,835,组六,未中,1,中,0,,中,0
2024-08-22,24225,4,1234579,组六,758,组六,未中,2,未中,1,,中,0
2024-08-23,24226,4,2345789,组六,232,组三,未中,3,未中,2,组三覆盖,未中,1
2024-08-24,24227,2,0234578,组六,995,组三,未中,4,未中,3,,未中,2
2024-08-25,24228,1,0125789,组六,274,组六,未中,5,未中,4,,中,0
2024-08-26,24229,9,0125789,组六,926,组六,中,0,未中,5,,中,0
2024-08-27,24230,4,0124578,组六,088,组三,未中,1,未中,6,组三覆盖,未中,1
2024-08-28,24231,4,1235679,组六,696,组三,未中,2,未中,7,组三覆盖,未中,2
2024-08-29,24232,4,1234578,组六,297,组六,未中,3,未中,8,,中,0
2024-08-30,24233,2,1234578,组六,498,组六,未中,4,未中,9,,中,0
2024-08-31,24234,2,1234578,组六,275,组六,中,0,中,0,,中,0
2024-09-01,24235,9,2345789,组六,954,组六,中,0,中,0,,中,0
2024-09-02,24236,9,0245789,组六,376,组六,未中,1,未中,1,,中,0
2024-09-03,24237,9,0245789,组六,356,组六,未中,2,未中,2,,中,0
2024-09-04,24238,9,2345789,组六,430,组六,未中,3,未中,3,,中,0
2024-09-05,24239,4,0123579,组六,168,组六,未中,4,未中,4,,中,0
2024-09-06,24240,4,0123589,组六,815,组六,未中,5,中,0,,中,0
2024-09-07,24241,0,2345789,组六,063,组六,中,0,未中,1,,中,0
2024-09-08,24242,9,2345789,组六,188,组三,未中,1,未中,2,,未中,1
2024-09-09,24243,9,3456789,组六,916,组六,中,0,未中,3,,中,0
2024-09-10,24244,9,0123589,组六,368,组六,未中,1,未中,4,,中,0
2024-09-11,24245,9,0123589,组六,184,组六,未中,2,未中,5,,中,0
2024-09-12,24246,9,0345689,组六,816,组六,未中,3,未中,6,,中,0
2024-09-13,24247,6,0345679,组六,434,组三,未中,4,未中,7,组三覆盖,未中,1
2024-09-14,24248,7,0234589,组六,954,组六,未中,5,中,0,,中,0
2024-09-15,24249,2,1345689,组六,198,组六,未中,6,中,0,,中,0
2024-09-16,24250,3,1345689,组六,606,组三,未中,7,未中,1,,未中,1
2024-09-17,24251,8,1345689,组六,356,组六,未中,8,中,0,,中,0
2024-09-18,24252,2,1345689,组六,700,组三,未中,9,未中,1,,未中,1
2024-09-19,24253,8,1345689,组三,148,组六,中,0,中,0,,未中,2
2024-09-20,24254,5,1345689,组六,423,组六,未中,1,未中,1,,中,0
2024-09-21,24255,9,1345689,组六,155,组三,未中,2,未中,2,组三覆盖,未中,1
2024-09-22,24256,9,1345689,组六,549,组六,中,0,中,0,,中,0
2024-09-23,24257,5,1345689,组六,008,组三,未中,1,未中,1,,未中,1
2024-09-24,24258,5,1345689,组三,690,组六,未中,2,未中,2,,未中,2
2024-09-25,24259,5,0145689,组六,444,豹子,未中,3,未中,3,,未中,3
2024-09-26,24260,5,0136789,组三,523,组六,中,0,未中,4,,未中,4
2024-09-27,24261,5,0123589,组六,195,组六,中,0,中,0,,中,0
2024-09-28,24262,5,1345689,组六,216,组六,未中,1,未中,1,,中,0
2024-09-29,24263,5,1345689,组六,404,组三,未中,2,未中,2,,未中,1
2024-09-30,24264,5,0145689,组六,347,组六,未中,3,未中,3,,中,0
2024-10-05,24265,3,1236789,组六,701,组六,未中,4,未中,4,,中,0
2024-10-06,24266,5,1345789,组六,143,组六,未中,5,中,0,,中,0
2024-10-07,24267,3,1345689,组六,841,组六,未中,6,中,0,,中,0
2024-10-08,24268,7,1345689,组六,831,组六,未中,7,中,0,,中,0
2024-10-09,24269,3,1345689,组六,324,组六,中,0,未中,1,,中,0
2024-10-10,24270,4,1345689,组六,801,组六,未中,1,未中,2,,中,0
2024-10-11,24271,4,0134689,组六,395,组六,未中,2,未中,3,,中,0
2024-10-12,24272,4,1235789,组六,436,组六,中,0,未中,4,,中,0
2024-10-13,24273,4,0135689,组六,812,组六,未中,1,未中,5,,中,0
2024-10-14,24274,4,0345678,组六,274,组六,中,0,未中,6,,中,0
2024-10-15,24275,4,0123689,组六,681,组六,未中,1,中,0,,中,0
2024-10-16,24276,4,0123468,组六,088,组三,未中,2,未中,1,组三覆盖,未中,1
2024-10-17,24277,4,0134568,组六,623,组六,未中,3,未中,2,,中,0
2024-10-18,24278,6,1234568,组六,134,组六,未中,4,中,0,,中,0
2024-10-19,24279,6,1234568,组六,886,组三,中,0,未中,1,组三覆盖,未中,1
2024-10-20,24280,4,0123468,组六,859,组六,未中,1,未中,2,,中,0
2024-10-21,24281,4,0123468,组六,465,组六,中,0,未中,3,,中,0
2024-10-22,24282,4,0145689,组六,905,组六,未中,1,中,0,,中,0
2024-10-23,24283,4,0134568,组六,285,组六,未中,2,未中,1,,中,0
2024-10-24,24284,4,1234568,组六,034,组六,中,0,未中,2,,中,0
2024-10-25,24285,4,0134568,组六,347,组六,中,0,未中,3,,中,0
2024-10-26,24286,4,0123489,组六,156,组六,未中,1,未中,4,,中,0
2024-10-27,24287,4,0134789,组六,945,组六,中,0,未中,5,,中,0
2024-10-28,24288,4,0124678,组六,810,组六,未中,1,中,0,,中,0
2024-10-29,24289,4,0134589,组六,006,组三,未中,2,未中,1,,未中,1
2024-10-30,24290,4,0134568,组六,004,组三,中,0,未中,2,组三覆盖,未中,2
2024-10-31,24291,4,0134568,组三,340,组六,中,0,中,0,,未中,3
2024-11-01,24292,4,0134568,组三,030,组三,未中,1,未中,1,组三覆盖,中,0
2024-11-02,24293,4,0134568,组三,044,组三,中,0,未中,2,组三覆盖,中,0
2024-11-03,24294,4,0134568,组三,701,组六,未中,1,未中,3,,未中,1
2024-11-04,24295,4,0123789,组三,552,组三,未中,2,未中,4,,中,0
2024-11-05,24296,4,0123789,组三,898,组三,未中,3,未中,5,组三覆盖,中,0
2024-11-06,24297,1,0123457,组三,037,组六,未中,4,中,0,,未中,1
2024-11-07,24298,1,0134568,组三,680,组六,未中,5,中,0,,未中,2
2024-11-08,24299,8,0134568,组六,581,组六,中,0,中,0,,中,0
2024-11-09,24300,0,0134568,组六,933,组三,未中,1,未中,1,,未中,1
2024-11-10,24301,4,0123458,组六,877,组三,未中,2,未中,2,,未中,2
2024-11-11,24302,8,0134589,组三,398,组六,中,0,中,0,,未中,3
2024-11-12,24303,8,0134589,组六,201,组六,未中,1,未中,1,,中,0
2024-11-13,24304,8,0134568,组六,425,组六,未中,2,未中,2,,中,0
2024-11-14,24305,8,0134568,组六,841,组六,中,0,中,0,,中,0
2024-11-15,24306,4,0134589,组六,508,组六,未中,1,中,0,,中,0
2024-11-16,24307,0,0134589,组六,582,组六,未中,2,未中,1,,中,0
2024-11-17,24308,8,0123458,组六,843,组六,中,0,中,0,,中,0
2024-11-18,24309,8,0123458,组六,483,组六,中,0,中,0,,中,0
2024-11-19,24310,8,0123458,组六,718,组六,中,0,未中,1,,中,0
2024-11-20,24311,8,0123458,组六,533,组三,未中,1,未中,2,组三覆盖,未中,1
2024-11-21,24312,8,0123458,组六,413,组六,未中,2,中,0,,中,0
2024-11-22,24313,8,0123458,组六,471,组六,未中,3,未中,1,,中,0
2024-11-23,24314,6,0123458,组六,080,组三,未中,4,未中,2,组三覆盖,未中,1
2024-11-24,24315,7,0123458,组六,071,组六,中,0,未中,3,,中,0
2024-11-25,24316,8,0145689,组六,332,组三,未中,1,未中,4,,未中,1
2024-11-26,24317,8,0124589,组三,355,组三,未中,2,未中,5,,中,0
2024-11-27,24318,8,0124678,组三,243,组六,未中,3,未中,6,,未中,1
2024-11-28,24319,5,0356789,组三,793,组六,未中,4,中,0,,未中,2
2024-11-29,24320,8,0134578,组六,863,组六,中,0,未中,1,,中,0
2024-11-30,24321,8,0134578,组六,050,组三,未中,1,未中,2,组三覆盖,未中,1
2024-12-01,24322,3,0123458,组六,678,组六,未中,2,未中,3,,中,0
2024-12-02,24323,8,0123689,组六,914,组六,未中,3,未中,4,,中,0
2024-12-03,24324,7,0124689,组六,630,组六,未中,4,未中,5,,中,0
2024-12-04,24325,2,1234579,组六,023,组六,中,0,未中,6,,中,0
2024-12-05,24326,3,1236789,组六,257,组六,未中,1,未中,7,,中,0
2024-12-06,24327,3,0134589,组六,134,组六,中,0,中,0,,中,0
2024-12-07,24328,3,0134578,组六,125,组六,未中,1,未中,1,,中,0
2024-12-08,24329,3,0123478,组六,147,组六,未中,2,中,0,,中,0
2024-12-09,24330,3,0134578,组六,811,组三,未中,3,未中,1,组三覆盖,未中,1
2024-12-10,24331,2,0123458,组六,712,组六,中,0,未中,2,,中,0
2024-12-11,24332,1,0123478,组六,679,组六,未中,1,未中,3,,中,0
2024-12-12,24333,1,0146789,组六,848,组三,未中,2,未中,4,组三覆盖,未中,1
2024-12-13,24334,3,0146789,组六,746,组六,未中,3,中,0,,中,0
2024-12-14,24335,8,0123478,组六,499,组三,未中,4,未中,1,,未中,1
2024-12-15,24336,2,0123478,组六,249,组六,中,0,未中,2,,中,0
2024-12-16,24337,4,0123478,组六,172,组六,未中,1,中,0,,中,0
2024-12-17,24338,4,0123478,组六,155,组三,未中,2,未中,1,,未中,1
2024-12-18,24339,1,1234789,组六,918,组六,中,0,中,0,,中,0
2024-12-19,24340,1,1234578,组六,031,组六,中,0,未中,1,,中,0
2024-12-20,24341,1,1234789,组六,653,组六,未中,1,未中,2,,中,0
2024-12-21,24342,1,1234789,组六,084,组六,未中,2,未中,3,,中,0
2024-12-22,24343,1,0123689,组六,481,组六,中,0,未中,4,,中,0
2024-12-23,24344,4,0123468,组六,546,组六,中,0,未中,5,,中,0
2024-12-24,24345,4,0126789,组六,620,组六,未中,1,中,0,,中,0
2024-12-25,24346,4,0123458,组六,677,组三,未中,2,未中,1,,未中,1
2024-12-26,24347,4,0134568,组六,893,组六,未中,3,未中,2,,中,0
2024-12-27,24348,4,0134568,组六,192,组六,未中,4,未中,3,,中,0
2024-12-28,24349,4,0123678,组六,907,组六,未中,5,未中,4,,中,0
2024-12-29,24350,2,0136789,组六,220,组三,中,0,未中,5,,未中,1
2024-12-30,24351,4,0156789,组六,788,组三,未中,1,未中,6,组三覆盖,未中,2
2024-12-31,24352,4,0125679,组六,691,组六,未中,2,中,0,,中,0
2025-01-01,25001,4,1346789,组六,123,组六,未中,3,未中,1,,中,0
2025-01-02,25002,9,1234789,组六,900,组三,中,0,未中,2,,未中,1
2025-01-03,25003,1,0123479,组六,168,组六,中,0,未中,3,,中,0
2025-01-04,25004,1,0134689,组六,351,组六,中,0,未中,4,,中,0
2025-01-05,25005,1,0134678,组六,617,组六,中,0,中,0,,中,0
2025-01-06,25006,1,1236789,组六,656,组三,未中,1,未中,1,,未中,1
2025-01-07,25007,1,0123679,组六,362,组六,未中,2,中,0,,中,0
2025-01-08,25008,1,0123679,组六,128,组六,中,0,未中,1,,中,0
2025-01-09,25009,1,1236789,组六,806,组六,未中,1,未中,2,,中,0
2025-01-10,25010,1,1234678,组六,143,组六,中,0,中,0,,中,0
2025-01-11,25011,1,1234678,组六,027,组六,未中,1,未中,1,,中,0
2025-01-12,25012,1,0123678,组六,471,组六,中,0,未中,2,,中,0
2025-01-13,25013,1,1234678,组六,978,组六,未中,1,未中,3,,中,0
2025-01-14,25014,1,0134789,组六,508,组六,未中,2,未中,4,,中,0
2025-01-15,25015,1,0134789,组六,398,组六,未中,3,中,0,,中,0
2025-01-16,25016,2,0134678,组六,963,组六,未中,4,未中,1,,中,0
2025-01-17,25017,2,0123789,组六,956,组六,未中,5,未中,2,,中,0
2025-01-18,25018,2,0126789,组六,292,组三,中,0,未中,3,组三覆盖,未中,1
2025-01-19,25019,9,0123689,组六,734,组六,未中,1,未中,4,,中,0
2025-01-20,25020,9,0134689,组六,159,组六,中,0,未中,5,,中,0
2025-01-21,25021,9,0236789,组六,346,组六,未中,1,未中,6,,中,0
2025-01-22,25022,9,2356789,组六,484,组三,未中,2,未中,7,,未中,1
2025-01-23,25023,9,0123678,组六,788,组三,未中,3,未中,8,组三覆盖,未中,2
2025-01-24,25024,7,0123678,组六,228,组三,未中,4,未中,9,组三覆盖,未中,3
2025-01-25,25025,0,0134678,组三,677,组三,未中,5,未中,10,组三覆盖,中,0
2025-01-26,25026,1,0134689,组三,346,组六,未中,6,中,0,,未中,1
2025-02-06,25027,8,1346789,组六,048,组六,中,0,未中,1,,中,0
2025-02-07,25028,8,1234689,组六,822,组三,中,0,未中,2,组三覆盖,未中,1
2025-02-08,25029,8,1346789,组六,489,组六,中,0,中,0,,中,0
2025-02-09,25030,8,1236789,组六,297,组六,未中,1,中,0,,中,0
2025-02-10,25031,8,1236789,组六,513,组六,未中,2,未中,1,,中,0
2025-02-11,25032,8,1346789,组六,392,组六,未中,3,未中,2,,中,0
2025-02-12,25033,9,1234689,组六,934,组六,中,0,中,0,,中,0
2025-02-13,25034,8,1234689,组六,309,组六,未中,1,未中,1,,中,0
2025-02-14,25035,9,1234689,组六,849,组六,中,0,中,0,,中,0
2025-02-15,25036,9,2346789,组六,521,组六,未中,1,未中,1,,中,0
2025-02-16,25037,9,1236789,组六,578,组六,未中,2,未中,2,,中,0
2025-02-17,25038,9,1236789,组六,366,组三,未中,3,未中,3,组三覆盖,未中,1
2025-02-18,25039,7,1235678,组六,588,组三,未中,4,未中,4,组三覆盖,未中,2
2025-02-19,25040,8,0135678,组六,875,组六,中,0,中,0,,中,0
2025-02-20,25041,8,1235789,组六,916,组六,未中,1,未中,1,,中,0
2025-02-21,25042,8,1235689,组六,675,组六,未中,2,未中,2,,中,0
2025-02-22,25043,8,1356789,组六,552,组三,未中,3,未中,3,,未中,1
2025-02-23,25044,7,1235689,组六,805,组六,未中,4,未中,4,,中,0
2025-02-24,25045,7,0135689,组六,722,组三,中,0,未中,5,,未中,1
2025-02-25,25046,8,0235689,组六,372,组六,未中,1,未中,6,,中,0
2025-02-26,25047,8,0256789,组六,806,组六,中,0,中,0,,中,0
2025-02-27,25048,8,2356789,组六,570,组六,未中,1,未中,1,,中,0
2025-02-28,25049,7,2356789,组六,037,组六,中,0,未中,2,,中,0
2025-03-01,25050,7,2356789,组六,570,组六,中,0,未中,3,,中,0
2025-03-02,25051,7,0135689,组六,973,组六,中,0,未中,4,,中,0
2025-03-03,25052,7,0135789,组六,337,组三,中,0,未中,5,组三覆盖,未中,1
2025-03-04,25053,7,0245679,组六,899,组三,未中,1,未中,6,,未中,2
2025-03-05,25054,7,0234567,组三,384,组六,未中,2,未中,7,,未中,3
2025-03-06,25055,7,1235689,组三,916,组六,未中,3,中,0,,未中,4
2025-03-07,25056,7,0345789,组六,716,组六,中,0,未中,1,,中,0
2025-03-08,25057,7,0356789,组六,765,组六,中,0,中,0,,中,0
2025-03-09,25058,7,3456789,组六,672,组六,中,0,未中,1,,中,0
2025-03-10,25059,7,2356789,组六,771,组三,中,0,未中,2,,未中,1
2025-03-11,25060,7,3456789,组六,793,组六,中,0,中,0,,中,0
2025-03-12,25061,7,3456789,组六,490,组六,未中,1,未中,1,,中,0
2025-03-13,25062,7,1356789,组六,257,组六,中,0,未中,2,,中,0
2025-03-14,25063,7,2356789,组六,466,组三,未中,1,未中,3,,未中,1
2025-03-15,25064,7,0234789,组六,656,组三,未中,2,未中,4,,未中,2
2025-03-16,25065,7,2356789,组六,990,组三,未中,3,未中,5,,未中,3
2025-03-17,25066,0,1456789,组三,184,组六,未中,4,中,0,,未中,4
2025-03-18,25067,8,0345789,组六,671,组六,未中,5,未中,1,,中,0
2025-03-19,25068,4,0456789,组六,975,组六,未中,6,中,0,,中,0
2025-03-20,25069,2,2456789,组六,934,组六,未中,7,未中,1,,中,0
2025-03-21,25070,1,3456789,组六,771,组三,中,0,未中,2,,未中,1
2025-03-22,25071,7,1356789,组六,462,组六,未中,1,未中,3,,中,0
2025-03-23,25072,7,1234789,组六,935,组六,未中,2,未中,4,,中,0
2025-03-24,25073,7,1235789,组六,132,组六,未中,3,中,0,,中,0
2025-03-25,25074,5,1235679,组六,179,组六,未中,4,中,0,,中,0
2025-03-26,25075,1,1345679,组六,743,组六,未中,5,中,0,,中,0
2025-03-27,25076,7,1345679,组六,407,组六,中,0,未中,1,,中,0
2025-03-28,25077,7,1345679,组六,425,组六,未中,1,未中,2,,中,0
2025-03-29,25078,7,2345679,组六,113,组三,未中,2,未中,3,,未中,1
2025-03-30,25079,7,0145789,组六,296,组六,未中,3,未中,4,,中,0
2025-03-31,25080,5,1256789,组六,738,组六,未中,4,未中,5,,中,0
2025-04-01,25081,7,0124569,组六,766,组三,中,0,未中,6,,未中,1
2025-04-02,25082,7,0123489,组六,344,组三,未中,1,未中,7,组三覆盖,未中,2
2025-04-03,25083,7,1245679,组六,593,组六,未中,2,未中,8,,中,0
2025-04-04,25084,7,1234567,组六,304,组六,未中,3,未中,9,,中,0
2025-04-05,25085,5,1234567,组六,353,组三,中,0,未中,10,组三覆盖,未中,1
2025-04-06,25086,7,1234567,组六,634,组六,未中,1,中,0,,中,0
2025-04-07,25087,7,0345679,组六,845,组六,未中,2,未中,1,,中,0
2025-04-08,25088,7,0345679,组六,222,豹子,未中,3,未中,2,,未中,1
2025-04-09,25089,4,0345679,组六,208,组六,未中,4,未中,3,,中,0
2025-04-10,25090,1,1256789,组六,993,组三,未中,5,未中,4,,未中,1
2025-04-11,25091,6,1236789,组六,830,组六,未中,6,未中,5,,中,0
2025-04-12,25092,8,0123456,组六,721,组六,未中,7,未中,6,,中,0
2025-04-13,25093,3,0345689,组六,432,组六,中,0,未中,7,,中,0
2025-04-14,25094,3,1345679,组六,534,组六,中,0,中,0,,中,0
2025-04-15,25095,3,2345679,组六,672,组六,未中,1,中,0,,中,0
2025-04-16,25096,3,2346789,组六,948,组六,未中,2,中,0,,中,0
2025-04-17,25097,3,2346789,组六,171,组三,未中,3,未中,1,,未中,1
2025-04-18,25098,9,1234679,组六,192,组六,中,0,中,0,,中,0
2025-04-19,25099,3,1234679,组六,174,组六,未中,1,中,0,,中,0
2025-04-20,25100,3,1234579,组六,997,组三,未中,2,未中,1,组三覆盖,未中,1
2025-04-21,25101,3,1234679,组六,911,组三,未中,3,未中,2,组三覆盖,未中,2
2025-04-22,25102,0,1234679,组三,233,组三,未中,4,未中,3,组三覆盖,中,0
2025-04-23,25103,0,0126789,组三,471,组六,未中,5,未中,4,,未中,1
2025-04-24,25104,3,1234789,组三,144,组三,未中,6,未中,5,组三覆盖,中,0
2025-04-25,25105,9,0234789,组三,084,组六,未中,7,中,0,,未中,1
2025-04-26,25106,0,1234579,组六,076,组六,中,0,未中,1,,中,0
2025-04-27,25107,3,1234679,组六,726,组六,未中,1,中,0,,中,0
2025-04-28,25108,3,1234679,组六,877,组三,未中,2,未中,1,,未中,1
2025-04-29,25109,7,1234679,组六,619,组六,未中,3,中,0,,中,0
2025-04-30,25110,8,1234679,组六,116,组三,未中,4,未中,1,组三覆盖,未中,1
2025-05-01,25111,0,1234679,组三,588,组三,未中,5,未中,2,,中,0
2025-05-02,25112,8,1234679,组三,483,组六,中,0,未中,3,,未中,1
2025-05-03,25113,7,1346789,组三,029,组六,未中,1,未中,4,,未中,2
2025-05-04,25114,3,0234789,组六,192,组六,未中,2,未中,5,,中,0
2025-05-05,25115,7,0124568,组六,847,组六,中,0,未中,6,,中,0
2025-05-06,25116,3,0123468,组六,360,组六,中,0,中,0,,中,0
2025-05-07,25117,7,1234678,组六,170,组六,中,0,未中,1,,中,0
2025-05-08,25118,7,0123478,组六,255,组三,未中,1,未中,2,,未中,1
2025-05-09,25119,7,0234789,组六,703,组六,中,0,中,0,,中,0
2025-05-10,25120,7,0123479,组六,401,组六,未中,1,中,0,,中,0
2025-05-11,25121,7,0123478,组六,424,组三,未中,2,未中,1,组三覆盖,未中,1
2025-05-12,25122,7,0123478,组六,030,组三,未中,3,未中,2,组三覆盖,未中,2
2025-05-13,25123,4,0123467,组三,842,组六,中,0,未中,3,,未中,3
2025-05-14,25124,7,1234789,组三,527,组六,中,0,未中,4,,未中,4
2025-05-15,25125,7,1234789,组六,627,组六,中,0,未中,5,,中,0
2025-05-16,25126,7,0123458,组六,184,组六,未中,1,中,0,,中,0
2025-05-17,25127,7,0123478,组六,492,组六,未中,2,未中,1,,中,0
2025-05-18,25128,7,0123478,组六,870,组六,中,0,中,0,,中,0
2025-05-19,25129,7,0123478,组六,189,组六,未中,1,未中,1,,中,0
2025-05-20,25130,7,0123478,组六,068,组六,未中,2,未中,2,,中,0
2025-05-21,25131,7,0124678,组六,367,组六,中,0,未中,3,,中,0
2025-05-22,25132,7,0136789,组六,275,组六,中,0,未中,4,,中,0
2025-05-23,25133,7,0123789,组六,866,组三,未中,1,未中,5,,未中,1
2025-05-24,25134,7,0123457,组六,510,组六,未中,2,中,0,,中,0
2025-05-25,25135,7,0124789,组六,816,组六,未中,3,未中,1,,中,0
2025-05-26,25136,1,0124678,组六,324,组六,未中,4,未中,2,,中,0
2025-05-27,25137,2,0124678,组六,721,组六,中,0,中,0,,中,0
2025-05-28,25138,7,1234678,组六,895,组六,未中,1,未中,1,,中,0
2025-05-29,25139,2,1245678,组六,155,组三,未中,2,未中,2,组三覆盖,未中,1
2025-05-30,25140,2,0124678,组六,267,组六,中,0,中,0,,中,0
2025-05-31,25141,2,0124678,组六,475,组六,未中,1,未中,1,,中,0
2025-06-01,25142,7,1245678,组六,343,组三,未中,2,未中,2,,未中,1
2025-06-02,25143,7,1234678,组六,944,组三,未中,3,未中,3,,未中,2
2025-06-03,25144,8,0134789,组六,389,组六,中,0,中,0,,中,0
2025-06-04,25145,7,1245789,组六,471,组六,中,0,中,0,,中,0
2025-06-05,25146,7,1245678,组六,822,组三,未中,1,未中,1,组三覆盖,未中,1
2025-06-06,25147,7,0124678,组六,023,组六,未中,2,未中,2,,中,0
2025-06-07,25148,2,0123478,组六,557,组三,未中,3,未中,3,,未中,1
2025-06-08,25149,8,0123789,组六,772,组三,未中,4,未中,4,组三覆盖,未中,2
2025-06-09,25150,1,0123789,组六,212,组三,中,0,未中,5,组三覆盖,未中,3
2025-06-10,25151,2,0345789,组三,686,组三,未中,1,未中,6,,中,0
2025-06-11,25152,2,1234579,组三,747,组三,未中,2,未中,7,组三覆盖,中,0
2025-06-12,25153,2,0234579,组三,894,组六,未中,3,未中,8,,未中,1
2025-06-13,25154,7,0123457,组六,989,组三,未中,4,未中,9,,未中,2
2025-06-14,25155,2,1234567,组六,040,组三,未中,5,未中,10,,未中,3
2025-06-15,25156,9,1234567,组六,638,组六,未中,6,未中,11,,中,0
2025-06-16,25157,5,0124567,组六,250,组六,中,0,中,0,,中,0
2025-06-17,25158,2,0124678,组六,882,组三,中,0,未中,1,组三覆盖,未中,1
2025-06-18,25159,2,0124789,组六,274,组六,中,0,中,0,,中,0
2025-06-19,25160,7,0124789,组六,171,组三,中,0,未中,1,组三覆盖,未中,1
2025-06-20,25161,7,0124789,组六,248,组六,未中,1,中,0,,中,0
2025-06-21,25162,7,0123478,组六,317,组六,中,0,中,0,,中,0
2025-06-22,25163,2,0123478,组六,766,组三,未中,1,未中,1,,未中,1
2025-06-23,25164,7,0124578,组六,519,组六,未中,2,未中,2,,中,0
2025-06-24,25165,4,1245678,组六,103,组六,未中,3,未中,3,,中,0
2025-06-25,25166,7,0123789,组六,696,组三,未中,4,未中,4,,未中,1
2025-06-26,25167,3,0123689,组六,267,组六,未中,5,未中,5,,中,0
2025-06-27,25168,6,0123689,组六,203,组六,未中,6,中,0,,中,0
2025-06-28,25169,0,1234678,组六,699,组三,未中,7,未中,1,,未中,1
2025-06-29,25170,5,1246789,组六,502,组六,中,0,未中,2,,中,0
2025-06-30,25171,7,0126789,组六,105,组六,未中,1,未中,3,,中,0
2025-07-01,25172,7,0123578,组六,724,组六,中,0,未中,4,,中,0
2025-07-02,25173,7,1234578,组六,673,组六,中,0,未中,5,,中,0
2025-07-03,25174,7,0123589,组六,131,组三,未中,1,未中,6,组三覆盖,未中,1
2025-07-04,25175,7,0256789,组六,413,组六,未中,2,未中,7,,中,0
2025-07-05,25176,7,2346789,组六,949,组三,未中,3,未中,8,组三覆盖,未中,1
2025-07-06,25177,0,2346789,组三,977,组三,未中,4,未中,9,组三覆盖,中,0
2025-07-07,25178,1,1234678,组六,714,组六,中,0,中,0,,中,0
2025-07-08,25179,7,1234679,组六,972,组六,中,0,中,0,,中,0
2025-07-09,25180,7,1234679,组六,889,组三,未中,1,未中,1,,未中,1
2025-07-10,25181,7,1234789,组六,894,组六,未中,2,中,0,,中,0
2025-07-11,25182,7,1234789,组六,721,组六,中,0,中,0,,中,0
2025-07-12,25183,7,1234789,组六,177,组三,中,0,未中,1,组三覆盖,未中,1
2025-07-13,25184,7,1234789,组六,221,组三,未中,1,未中,2,组三覆盖,未中,2
2025-07-14,25185,7,1234789,组六,308,组六,未中,2,未中,3,,中,0
2025-07-15,25186,7,0123789,组六,514,组六,未中,3,未中,4,,中,0
2025-07-16,25187,1,0123489,组六,641,组六,中,0,未中,5,,中,0
2025-07-17,25188,7,0135789,组六,623,组六,未中,1,未中,6,,中,0
2025-07-18,25189,7,0145789,组六,556,组三,未中,2,未中,7,,未中,1
2025-07-19,25190,7,1234789,组六,499,组三,未中,3,未中,8,组三覆盖,未中,2
2025-07-20,25191,6,1234789,组三,669,组三,中,0,未中,9,,中,0
2025-07-21,25192,7,1234789,组三,683,组六,未中,1,未中,10,,未中,1
2025-07-22,25193,7,1234567,组六,265,组六,未中,2,中,0,,中,0
2025-07-23,25194,2,1234679,组六,270,组六,中,0,未中,1,,中,0
2025-07-24,25195,7,1234679,组六,210,组六,未中,1,未中,2,,中,0
2025-07-25,25196,7,1234679,组六,941,组六,未中,2,中,0,,中,0
2025-07-26,25197,7,1234679,组六,869,组六,未中,3,未中,1,,中,0
2025-07-27,25198,4,1246789,组六,717,组三,未中,4,未中,2,组三覆盖,未中,1
2025-07-28,25199,2,1236789,组六,485,组六,未中,5,未中,3,,中,0
2025-07-29,25200,3,0124789,组六,211,组三,未中,6,未中,4,组三覆盖,未中,1
2025-07-30,25201,4,0124789,组六,401,组六,中,0,中,0,,中,0
2025-07-31,25202,1,0124679,组六,253,组六,未中,1,未中,1,,中,0
2025-08-01,25203,1,1246789,组六,735,组六,未中,2,未中,2,,中,0
2025-08-02,25204,1,1245679,组六,830,组六,未中,3,未中,3,,中,0
2025-08-03,25205,3,0236789,组六,783,组六,中,0,中,0,,中,0
2025-08-04,25206,1,1234578,组六,605,组六,未中,1,未中,1,,中,0
2025-08-05,25207,1,0123467,组六,154,组六,中,0,未中,2,,中,0
2025-08-06,25208,1,1234567,组六,309,组六,未中,1,未中,3,,中,0
2025-08-07,25209,1,0124679,组六,921,组六,中,0,中,0,,中,0
2025-08-08,25210,1,0123479,组六,622,组三,未中,1,未中,1,,未中,1
2025-08-09,25211,2,0123679,组六,050,组三,未中,2,未中,2,,未中,2
2025-08-10,25212,2,0123567,组三,223,组三,中,0,未中,3,组三覆盖,中,0
2025-08-11,25213,2,1246789,组三,868,组三,未中,1,未中,4,组三覆盖,中,0
2025-08-12,25214,1,1236789,组三,176,组六,中,0,中,0,,未中,1
2025-08-13,25215,1,0123679,组三,695,组六,未中,1,未中,1,,未中,2
2025-08-14,25216,1,1234679,组六,410,组六,中,0,未中,2,,中,0
2025-08-15,25217,1,1234567,组六,242,组三,未中,1,未中,3,组三覆盖,未中,1
2025-08-16,25218,1,1246789,组六,307,组六,未中,2,未中,4,,中,0
2025-08-17,25219,1,1246789,组六,784,组六,未中,3,中,0,,中,0
2025-08-18,25220,9,1246789,组六,353,组三,未中,4,未中,1,,未中,1
2025-08-19,25221,8,1245679,组六,791,组六,未中,5,中,0,,中,0
2025-08-20,25222,7,1245679,组六,660,组三,未中,6,未中,1,,未中,1
2025-08-21,25223,5,0123467,组六,795,组六,中,0,未中,2,,中,0
2025-08-22,25224,1,0123467,组六,021,组六,中,0,中,0,,中,0
2025-08-23,25225,1,0123467,组六,009,组三,未中,1,未中,1,,未中,1
2025-08-24,25226,1,0125679,组六,373,组三,未中,2,未中,2,,未中,2
2025-08-25,25227,1,0123567,组三,453,组六,未中,3,未中,3,,未中,3
2025-08-26,25228,0,1234679,组三,164,组六,未中,4,中,0,,未中,4
2025-08-27,25229,8,0135679,组六,123,组六,未中,5,未中,1,,中,0
2025-08-28,25230,8,0123456,组六,178,组六,中,0,未中,2,,中,0
2025-08-29,25231,2,0123456,组六,258,组六,中,0,未中,3,,中,0
2025-08-30,25232,2,0123789,组六,397,组六,未中,1,中,0,,中,0
2025-08-31,25233,2,0123567,组六,143,组六,未中,2,未中,1,,中,0
2025-09-01,25234,2,1234567,组六,282,组三,中,0,未中,2,,未中,1
2025-09-02,25235,2,1234567,组六,321,组六,中,0,中,0,,中,0
2025-09-03,25236,2,0123578,组六,151,组三,未中,1,未中,1,组三覆盖,未中,1
2025-09-04,25237,2,0123578,组三,713,组六,未中,2,中,0,,未中,2
2025-09-05,25238,2,0123578,组六,754,组六,未中,3,未中,1,,中,0
2025-09-06,25239,2,0123457,组六,220,组三,中,0,未中,2,组三覆盖,未中,1
2025-09-07,25240,2,0123457,组六,627,组六,中,0,未中,3,,中,0
2025-09-08,25241,2,0123679,组六,286,组六,中,0,未中,4,,中,0
2025-09-09,25242,2,0123679,组六,523,组六,中,0,未中,5,,中,0
2025-09-10,25243,2,0134689,组六,812,组六,中,0,未中,6,,中,0
2025-09-11,25244,2,0345679,组六,758,组六,未中,1,未中,7,,中,0
2025-09-12,25245,2,0123467,组六,994,组三,未中,2,未中,8,,未中,1
2025-09-13,25246,2,0123467,组六,207,组六,中,0,中,0,,中,0
2025-09-14,25247,2,1235678,组六,364,组六,未中,1,未中,1,,中,0
2025-09-15,25248,2,1235678,组六,983,组六,未中,2,未中,2,,中,0
2025-09-16,25249,2,0123578,组六,532,组六,中,0,中,0,,中,0
2025-09-17,25250,2,1234578,组六,178,组六,未中,1,中,0,,中,0
2025-09-18,25251,2,1234578,组六,558,组三,未中,2,未中,1,组三覆盖,未中,1
2025-09-19,25252,2,1234578,组六,190,组六,未中,3,未中,2,,中,0
2025-09-20,25253,5,0123578,组六,693,组六,未中,4,未中,3,,中,0
2025-09-21,25254,2,0123679,组六,628,组六,中,0,未中,4,,中,0
2025-09-22,25255,2,0123679,组六,583,组六,未中,1,未中,5,,中,0
2025-09-23,25256,2,0234689,组六,797,组三,未中,2,未中,6,,未中,1
2025-09-24,25257,2,0235689,组六,561,组六,未中,3,未中,7,,中,0
2025-09-25,25258,8,0123478,组六,038,组六,中,0,中,0,,中,0
2025-09-26,25259,2,1235789,组六,420,组六,中,0,未中,1,,中,0
2025-09-27,25260,2,1236789,组六,514,组六,未中,1,未中,2,,中,0
2025-09-28,25261,2,1235678,组六,877,组三,未中,2,未中,3,组三覆盖,未中,1
2025-09-29,25262,2,0124578,组六,512,组六,中,0,中,0,,中,0
2025-09-30,25263,2,1235789,组六,148,组六,未中,1,未中,1,,中,0
2025-10-05,25264,2,1234578,组六,202,组三,中,0,未中,2,,未中,1
2025-10-06,25265,2,0123578,组六,281,组六,中,0,中,0,,中,0
2025-10-07,25266,2,1234578,组六,742,组六,中,0,中,0,,中,0
2025-10-08,25267,2,1234578,组六,856,组六,未中,1,未中,1,,中,0
2025-10-09,25268,2,1234578,组六,321,组六,中,0,中,0,,中,0
2025-10-10,25269,2,1234578,组六,875,组六,未中,1,中,0,,中,0
2025-10-11,25270,2,1234578,组六,018,组六,未中,2,未中,1,,中,0
2025-10-12,25271,2,0123578,组六,898,组三,未中,3,未中,2,,未中,1
2025-10-13,25272,1,1234578,组六,767,组三,未中,4,未中,3,,未中,2
2025-10-14,25273,1,0123789,组六,417,组六,中,0,未中,4,,中,0
2025-10-15,25274,1,0123789,组六,787,组三,未中,1,未中,5,组三覆盖,未中,1
2025-10-16,25275,8,0124689,组六,150,组六,未中,2,未中,6,,中,0
2025-10-17,25276,8,2345678,组六,982,组六,中,0,未中,7,,中,0
2025-10-18,25277,8,1234678,组六,432,组六,未中,1,中,0,,中,0
2025-10-19,25278,8,1256789,组六,627,组六,未中,2,中,0,,中,0
2025-10-20,25279,2,1245678,组六,375,组六,未中,3,未中,1,,中,0
2025-10-21,25280,5,1234578,组六,539,组六,中,0,未中,2,,中,0
2025-10-22,25281,2,0123578,组六,707,组三,未中,1,未中,3,组三覆盖,未中,1
2025-10-23,25282,2,0123579,组六,096,组六,未中,2,未中,4,,中,0
2025-10-24,25283,2,0125679,组六,057,组六,未中,3,中,0,,中,0
2025-10-25,25284,3,0235678,组六,247,组六,未中,4,未中,1,,中,0
2025-10-26,25285,5,1235678,组六,905,组六,中,0,未中,2,,中,0
2025-10-27,25286,8,0235789,组六,641,组六,未中,1,未中,3,,中,0
2025-10-28,25287,8,0126789,组六,180,组六,中,0,中,0,,中,0
2025-10-29,25288,8,0125789,组六,504,组六,未中,1,未中,1,,中,0
2025-10-30,25289,8,0125789,组六,685,组六,中,0,未中,2,,中,0
2025-10-31,25290,8,0124578,组六,125,组六,未中,1,中,0,,中,0
2025-11-01,25291,8,0124578,组六,948,组六,中,0,未中,1,,中,0
2025-11-02,25292,8,0124578,组六,673,组六,未中,1,未中,2,,中,0
2025-11-03,25293,8,0145678,组六,094,组六,未中,2,未中,3,,中,0
2025-11-04,25294,8,0126789,组六,994,组三,未中,3,未中,4,,未中,1
2025-11-05,25295,4,0125679,组六,124,组六,中,0,未中,5,,中,0
2025-11-06,25296,8,0345679,组六,052,组六,未中,1,未中,6,,中,0
2025-11-07,25297,5,0456789,组六,453,组六,中,0,未中,7,,中,0
2025-11-08,25298,5,1245678,组六,141,组三,未中,1,未中,8,组三覆盖,未中,1
2025-11-09,25299,5,1235678,组六,300,组三,未中,2,未中,9,,未中,2
2025-11-10,25300,5,1245678,组三,843,组六,未中,3,未中,10,,未中,3
2025-11-11,25301,9,1235678,组三,582,组六,未中,4,中,0,,未中,4
2025-11-12,25302,6,0124578,组六,016,组六,中,0,未中,1,,中,0
2025-11-13,25303,4,0124578,组六,943,组六,中,0,未中,2,,中,0
2025-11-14,25304,4,0124578,组六,079,组六,未中,1,未中,3,,中,0
2025-11-15,25305,4,0136789,组六,497,组六,中,0,未中,4,,中,0
2025-11-16,25306,4,0123789,组六,178,组六,未中,1,中,0,,中,0
2025-11-17,25307,4,0124578,组六,618,组六,未中,2,未中,1,,中,0
2025-11-18,25308,4,0145789,组六,234,组六,中,0,未中,2,,中,0
2025-11-19,25309,4,0124789,组六,527,组六,未中,1,未中,3,,中,0
2025-11-20,25310,4,0125678,组六,016,组六,未中,2,中,0,,中,0
2025-11-21,25311,4,0145789,组六,114,组三,中,0,未中,1,组三覆盖,未中,1
2025-11-22,25312,4,0145789,组六,109,组六,未中,1,中,0,,中,0
2025-11-23,25313,4,0145789,组六,445,组三,中,0,未中,1,组三覆盖,未中,1
2025-11-24,25314,4,0124578,组三,802,组六,未中,1,中,0,,未中,2
2025-11-25,25315,4,0124578,组六,973,组六,未中,2,未中,1,,中,0
2025-11-26,25316,4,0124579,组六,918,组六,未中,3,未中,2,,中,0
2025-11-27,25317,6,0145789,组六,756,组六,中,0,未中,3,,中,0
2025-11-28,25318,4,0125789,组六,438,组六,中,0,未中,4,,中,0
2025-11-29,25319,4,0145789,组六,865,组六,未中,1,未中,5,,中,0
2025-11-30,25320,4,0146789,组六,725,组六,未中,2,未中,6,,中,0
2025-12-01,25321,4,0134689,组六,568,组六,未中,3,未中,7,,中,0
2025-12-02,25322,7,1234578,组六,148,组六,未中,4,中,0,,中,0
2025-12-03,25323,0,0145789,组六,687,组六,未中,5,未中,1,,中,0
2025-12-04,25324,7,0145678,组六,513,组六,未中,6,未中,2,,中,0
2025-12-05,25325,3,0145678,组六,836,组六,中,0,未中,3,,中,0
2025-12-06,25326,4,0156789,组六,045,组六,中,0,未中,4,,中,0
2025-12-07,25327,4,0145789,组六,829,组六,未中,1,未中,5,,中,0
2025-12-08,25328,4,0345689,组六,825,组六,未中,2,未中,6,,中,0
2025-12-09,25329,4,0346789,组六,370,组六,未中,3,中,0,,中,0
2025-12-10,25330,4,0134568,组六,594,组六,中,0,未中,1,,中,0
2025-12-11,25331,1,0134568,组六,980,组六,未中,1,未中,2,,中,0
2025-12-12,25332,1,0134589,组六,939,组三,未中,2,未中,3,组三覆盖,未中,1
2025-12-13,25333,4,0145789,组六,961,组六,未中,3,未中,4,,中,0
2025-12-14,25334,5,0145789,组六,583,组六,中,0,未中,5,,中,0
2025-12-15,25335,8,0234679,组六,276,组六,未中,1,中,0,,中,0
2025-12-16,25336,8,0345789,组六,412,组六,未中,2,未中,1,,中,0
2025-12-17,25337,8,0134589,组六,554,组三,未中,3,未中,2,组三覆盖,未中,1
2025-12-18,25338,1,0134589,组六,164,组六,中,0,未中,3,,中,0
2025-12-19,25339,1,0124589,组六,900,组三,未中,1,未中,4,组三覆盖,未中,1
2025-12-20,25340,1,0124589,组三,255,组三,未中,2,未中,5,组三覆盖,中,0
2025-12-21,25341,8,0345689,组三,817,组六,中,0,未中,6,,未中,1
2025-12-22,25342,8,0234569,组三,079,组六,未中,1,未中,7,,未中,2
2025-12-23,25343,8,2345689,组六,012,组六,未中,2,未中,8,,中,0
2025-12-24,25344,8,2345689,组六,495,组六,未中,3,中,0,,中,0
2025-12-25,25345,7,0145689,组六,431,组六,未中,4,未中,1,,中,0
2025-12-26,25346,7,0124589,组六,826,组六,未中,5,未中,2,,中,0
2025-12-27,25347,2,1245789,组六,695,组六,未中,6,未中,3,,中,0
2025-12-28,25348,8,0145689,组六,373,组三,未中,7,未中,4,,未中,1
2025-12-29,25349,9,0245689,组六,032,组六,未中,8,未中,5,,中,0
2025-12-30,25350,3,0145679,组六,673,组六,中,0,未中,6,,中,0
2025-12-31,25351,8,0124679,组六,617,组六,未中,1,中,0,,中,0
2026-01-01,26001,1,1234568,组六,830,组六,未中,2,未中,1,,中,0
2026-01-02,26002,8,1235678,组六,689,组六,中,0,未中,2,,中,0
2026-01-03,26003,8,1356789,组六,086,组六,中,0,未中,3,,中,0
2026-01-04,26004,8,0145689,组六,878,组三,中,0,未中,4,,未中,1
2026-01-05,26005,8,0145689,组六,061,组六,未中,1,中,0,,中,0
2026-01-06,26006,8,1356789,组六,718,组六,中,0,中,0,,中,0
2026-01-07,26007,8,0135678,组六,126,组六,未中,1,未中,1,,中,0
2026-01-08,26008,8,0136789,组六,509,组六,未中,2,未中,2,,中,0
2026-01-09,26009,8,0156789,组六,248,组六,中,0,未中,3,,中,0
2026-01-10,26010,8,0245689,组六,920,组六,未中,1,中,0,,中,0
2026-01-11,26011,8,0125678,组六,030,组三,未中,2,未中,1,,未中,1
2026-01-12,26012,8,0125689,组六,522,组三,未中,3,未中,2,组三覆盖,未中,2
2026-01-13,26013,7,0125689,组三,477,组三,中,0,未中,3,,中,0
2026-01-14,26014,8,0145789,组三,833,组三,中,0,未中,4,,中,0
2026-01-15,26015,8,0145789,组三,202,组三,未中,1,未中,5,,中,0
2026-01-16,26016,0,0136789,组三,215,组六,未中,2,未中,6,,未中,1
2026-01-17,26017,0,0234679,组三,112,组三,未中,3,未中,7,,中,0
2026-01-18,26018,6,0256789,组三,896,组六,中,0,中,0,,未中,1
2026-01-19,26019,2,0125689,组六,848,组三,未中,1,未中,1,,未中,2
2026-01-20,26020,2,0124689,组三,095,组六,未中,2,未中,2,,未中,3
2026-01-21,26021,2,0123689,组六,263,组六,中,0,中,0,,中,0
2026-01-22,26022,2,0125689,组六,255,组三,中,0,未中,1,组三覆盖,未中,1
2026-01-23,26023,2,0125689,组六,495,组六,未中,1,未中,2,,中,0
2026-01-24,26024,2,0125689,组六,268,组六,中,0,中,0,,中,0
2026-01-25,26025,2,0125689,组六,181,组三,未中,1,未中,1,组三覆盖,未中,1
2026-01-26,26026,2,0125689,组六,291,组六,中,0,中,0,,中,0
2026-01-27,26027,1,0125689,组六,084,组六,未中,1,未中,1,,中,0
2026-01-28,26028,2,0125689,组六,499,组三,未中,2,未中,2,,未中,1
2026-01-29,26029,2,0124589,组六,613,组六,未中,3,未中,3,,中,0
2026-01-30,26030,6,0124689,组六,811,组三,未中,4,未中,4,组三覆盖,未中,1
2026-01-31,26031,6,0124689,组三,786,组六,中,0,未中,5,,未中,2
2026-02-01,26032,8,2345689,组六,730,组六,未中,1,未中,6,,中,0
2026-02-02,26033,8,1234689,组六,141,组三,未中,2,未中,7,组三覆盖,未中,1
2026-02-03,26034,1,0125689,组六,216,组六,中,0,中,0,,中,0
2026-02-04,26035,1,0123689,组六,717,组三,中,0,未中,1,,未中,1
2026-02-05,26036,1,0123689,组三,788,组三,未中,1,未中,2,,中,0
2026-02-06,26037,1,0123678,组六,724,组六,未中,2,未中,3,,中,0
2026-02-07,26038,8,0126789,组六,789,组六,中,0,中,0,,中,0
2026-02-08,26039,8,0123678,组六,852,组六,中,0,未中,1,,中,0
2026-02-09,26040,8,0124678,组六,009,组三,未中,1,未中,2,,未中,1
2026-02-10,26041,8,0126789,组六,639,组六,未中,2,未中,3,,中,0
2026-02-11,26042,8,0126789,组六,795,组六,未中,3,未中,4,,中,0
2026-02-12,26043,5,0256789,组六,179,组六,未中,4,未中,5,,中,0
2026-02-13,26044,1,0234567,组六,051,组六,中,0,未中,6,,中,0
2026-02-24,26045,8,0236789,组六,144,组三,未中,1,未中,7,,未中,1
2026-02-25,26046,8,0245689,组六,703,组六,未中,2,未中,8,,中,0
2026-02-26,26047,8,1245689,组六,330,组三,未中,3,未中,9,,未中,1
2026-02-27,26048,5,1245689,组三,097,组六,未中,4,未中,10,,未中,2
2026-02-28,26049,4,1245689,组六,592,组六,未中,5,中,0,,中,0
2026-03-01,26050,1,0125789,组六,435,组六,未中,6,未中,1,,中,0
2026-03-02,26051,4,0125789,组六,045,组六,中,0,未中,2,,中,0
2026-03-03,26052,9,0124579,组六,649,组六,中,0,未中,3,,中,0
2026-03-04,26053,9,0126789,组六,744,组三,未中,1,未中,4,,未中,1
2026-03-05,26054,9,0126789,组六,655,组三,未中,2,未中,5,,未中,2
2026-03-06,26055,9,0234579,组六,537,组六,未中,3,中,0,,中,0
2026-03-07,26056,4,0124579,组六,119,组三,未中,4,未中,1,组三覆盖,未中,1
2026-03-08,26057,4,0124579,组六,479,组六,中,0,中,0,,中,0
2026-03-09,26058,9,0124579,组六,590,组六,中,0,中,0,,中,0
2026-03-10,26059,9,0124579,组六,209,组六,中,0,中,0,,中,0
2026-03-11,26060,9,0124579,组六,118,组三,未中,1,未中,1,,未中,1
2026-03-12,26061,9,0124579,组六,347,组六,未中,2,未中,2,,中,0
2026-03-13,26062,9,0134579,组六,315,组六,未中,3,中,0,,中,0
2026-03-14,26063,3,0145789,组六,723,组六,中,0,未中,1,,中,0
2026-03-15,26064,9,0134579,组六,528,组六,未中,1,未中,2,,中,0
2026-03-16,26065,9,0123579,组六,851,组六,未中,2,未中,3,,中,0
2026-03-17,26066,9,0125789,组六,807,组六,未中,3,中,0,,中,0
2026-03-18,26067,0,1345789,组六,428,组六,未中,4,未中,1,,中,0
2026-03-19,26068,0,1345789,组六,840,组六,中,0,未中,2,,中,0
2026-03-20,26069,1,1345789,组六,114,组三,中,0,未中,3,组三覆盖,未中,1
2026-03-21,26070,1,0124789,组六,131,组三,中,0,未中,4,,未中,2
2026-03-22,26071,1,0134789,组三,551,组三,中,0,未中,5,,中,0
2026-03-23,26072,1,0234589,组三,115,组三,中,0,未中,6,,中,0
2026-03-24,26073,1,0234789,组三,325,组六,未中,1,未中,7,,未中,1
2026-03-25,26074,1,0145789,组三,406,组六,未中,2,未中,8,,未中,2
2026-03-26,26075,1,0145789,组六,437,组六,未中,3,未中,9,,中,0
2026-03-27,26076,0,0125789,组六,419,组六,未中,4,未中,10,,中,0
2026-03-28,26077,0,0125789,组六,780,组六,中,0,中,0,,中,0
2026-03-29,26078,1,0134579,组六,634,组六,未中,1,未中,1,,中,0
2026-03-30,26079,1,0134579,组六,195,组六,中,0,中,0,,中,0
2026-03-31,26080,1,0134579,组六,770,组三,未中,1,未中,1,组三覆盖,未中,1
2026-04-01,26081,1,0134579,组六,690,组六,未中,2,未中,2,,中,0
2026-04-02,26082,1,0134579,组六,048,组六,未中,3,未中,3,,中,0
2026-04-03,26083,8,0146789,组六,903,组六,未中,4,未中,4,,中,0
2026-04-04,26084,3,0126789,组六,004,组三,未中,5,未中,5,,未中,1
2026-04-05,26085,5,0123567,组六,020,组三,未中,6,未中,6,组三覆盖,未中,2
2026-04-06,26086,0,0134567,组三,334,组三,未中,7,未中,7,组三覆盖,中,0
2026-04-07,26087,7,0145789,组三,070,组三,中,0,未中,8,组三覆盖,中,0
2026-04-08,26088,0,0145789,组三,474,组三,未中,1,未中,9,组三覆盖,中,0
2026-04-09,26089,0,0145789,组三,216,组六,未中,2,未中,10,,未中,1
2026-04-10,26090,0,0145789,组三,954,组六,未中,3,中,0,,未中,2
2026-04-11,26091,4,0234579,组六,202,组三,未中,4,未中,1,组三覆盖,未中,3
2026-04-12,26092,4,0234579,组六,761,组六,未中,5,未中,2,,中,0
2026-04-13,26093,7,0134579,组六,998,组三,未中,6,未中,3,,未中,1
2026-04-14,26094,2,0124789,组六,938,组六,未中,7,未中,4,,中,0
2026-04-15,26095,8,0124789,组六,568,组六,中,0,未中,5,,中,0
2026-04-16,26096,0,0123469,组六,643,组六,未中,1,中,0,,中,0
2026-04-17,26097,4,0134589,组六,226,组三,未中,2,未中,1,,未中,1
2026-04-18,26098,4,0134678,组六,974,组六,中,0,未中,2,,中,0
2026-04-19,26099,0,0134789,组六,424,组三,未中,1,未中,3,,未中,1
2026-04-20,26100,4,0124789,组六,207,组六,未中,2,中,0,,中,0
2026-04-21,26101,0,0234789,组六,090,组三,中,0,未中,1,组三覆盖,未中,1
2026-04-22,26102,0,0234679,组六,490,组六,中,0,中,0,,中,0
2026-04-23,26103,0,0234679,组六,901,组六,中,0,未中,1,,中,0
2026-04-24,26104,0,0123479,组六,786,组六,未中,1,未中,2,,中,0
2026-04-25,26105,0,0124789,组六,217,组六,未中,2,中,0,,中,0
2026-04-26,26106,0,0124789,组六,343,组三,未中,3,未中,1,,未中,1
2026-04-27,26107,8,0123479,组六,154,组六,未中,4,未中,2,,中,0
2026-04-28,26108,8,0124789,组六,656,组三,未中,5,未中,3,,未中,1
2026-04-29,26109,1,0134679,组三,088,组三,未中,6,未中,4,,中,0
2026-04-30,26110,0,0124679,组三,343,组三,未中,7,未中,5,,中,0
2026-05-01,26111,7,0246789,组三,877,组三,中,0,未中,6,组三覆盖,中,0
2026-05-02,26112,4,0345679,组三,652,组六,未中,1,未中,7,,未中,1
2026-05-03,26113,0,0146789,组六,925,组六,未中,2,未中,8,,中,0
2026-05-04,26114,0,0134678,组六,017,组六,中,0,中,0,,中,0
2026-05-05,26115,0,0456789,组六,333,豹子,未中,1,未中,1,,未中,1
2026-05-06,26116,0,0234578,组六,951,组六,未中,2,未中,2,,中,0
2026-05-07,26117,0,0134579,组六,091,组六,中,0,中,0,,中,0
2026-05-08,26118,9,0245679,组六,272,组三,未中,1,未中,1,组三覆盖,未中,1
2026-05-09,26119,9,0245679,组六,222,豹子,未中,2,未中,2,,未中,2
2026-05-10,26120,9,0124579,组三,296,组六,中,0,未中,3,,未中,3
2026-05-11,26121,9,0124679,组三,040,组三,未中,1,未中,4,组三覆盖,中,0
2026-05-12,26122,9,0124689,组三,747,组三,未中,2,未中,5,,中,0
2026-05-13,26123,4,0235689,组三,955,组三,未中,3,未中,6,组三覆盖,中,0
2026-05-14,26124,7,1234678,组三,785,组六,中,0,未中,7,,未中,1
2026-05-15,26125,4,0123467,组三,867,组六,未中,1,未中,8,,未中,2
2026-05-16,26126,4,0123467,组六,835,组六,未中,2,未中,9,,中,0
2026-05-17,26127,4,0124679,组六,936,组六,未中,3,未中,10,,中,0
2026-05-18,26128,0,0124579,组六,512,组六,未中,4,中,0,,中,0
2026-05-19,26129,9,0245679,组六,683,组六,未中,5,未中,1,,中,0
2026-05-20,26130,0,2456789,组六,070,组三,中,0,未中,2,,未中,1
2026-05-21,26131,7,2456789,组六,968,组六,未中,1,中,0,,中,0
2026-05-22,26132,7,2456789,组六,443,组三,未中,2,未中,1,,未中,1
2026-05-23,26133,4,2456789,组六,543,组六,中,0,未中,2,,中,0
2026-05-24,26134,4,2345679,组六,515,组三,未中,1,未中,3,,未中,1
2026-05-25,26135,5,0245789,组六,939,组三,未中,2,未中,4,,未中,2
2026-05-26,26136,5,0245789,组六,466,组三,未中,3,未中,5,,未中,3
2026-05-27,26137,3,2356789,组三,544,组三,未中,4,未中,6,,中,0
2026-05-28,26138,3,1236789,组三,263,组六,中,0,中,0,,未中,1
2026-05-29,26139,4,2345679,组六,198,组六,未中,1,未中,1,,中,0
2026-05-30,26140,4,2345679,组六,421,组六,中,0,未中,2,,中,0
2026-05-31,26141,4,1234569,组六,215,组六,未中,1,中,0,,中,0
2026-06-01,26142,4,1234569,组六,916,组六,未中,2,中,0,,中,0
2026-06-02,26143,4,1245679,组六,744,组三,中,0,未中,1,组三覆盖,未中,1
2026-06-03,26144,4,1245679,组六,462,组六,中,0,中,0,,中,0
2026-06-04,26145,4,1245679,组六,993,组三,未中,1,未中,1,,未中,1
2026-06-05,26146,4,1234569,组六,154,组六,中,0,中,0,,中,0
2026-06-06,26147,4,1234569,组六,590,组六,未中,1,未中,1,,中,0
2026-06-07,26148,4,1234569,组六,065,组六,未中,2,未中,2,,中,0
2026-06-08,26149,4,1245679,组六,325,组六,未中,3,未中,3,,中,0
2026-06-09,26150,6,0235789,组六,340,组六,未中,4,未中,4,,中,0
2026-06-10,26151,6,0235789,组六,983,组六,未中,5,中,0,,中,0
2026-06-11,26152,6,1234569,组六,151,组三,未中,6,未中,1,组三覆盖,未中,1
2026-06-12,26153,9,1234569,组六,389,组六,中,0,未中,2,,中,0
2026-06-13,26154,4,0134569,组六,473,组六,中,0,未中,3,,中,0
2026-06-14,26155,4,0123479,组六,485,组六,中,0,未中,4,,中,0
2026-06-15,26156,4,0123479,组六,641,组六,中,0,未中,5,,中,0
2026-06-16,26157,4,0235689,组六,830,组六,未中,1,中,0,,中,0
2026-06-17,26158,4,1345689,组六,911,组三,未中,2,未中,1,组三覆盖,未中,1
2026-06-18,26159,4,1345689,组六,557,组三,未中,3,未中,2,,未中,2
2026-06-19,26160,2,1345789,组三,551,组三,未中,4,未中,3,组三覆盖,中,0
2026-06-20,26161,2,0123479,组三,562,组六,中,0,未中,4,,未中,1
2026-06-21,26162,4,0124579,组三,369,组六,未中,1,未中,5,,未中,2
2026-06-22,26163,4,1235678,组六,346,组六,中,0,未中,6,,中,0
2026-06-23,26164,4,1235789,组六,715,组六,未中,1,中,0,,中,0
2026-06-24,26165,4,1345679,组六,294,组六,中,0,未中,1,,中,0
2026-06-25,26166,4,1345679,组六,229,组三,未中,1,未中,2,,未中,1
2026-06-26,26167,4,1234569,组六,012,组六,未中,2,未中,3,,中,0
2026-06-27,26168,5,0234789,组六,192,组六,未中,3,未中,4,,中,0
2026-06-28,26169,4,0123789,组六,884,组三,中,0,未中,5,,未中,1
2026-06-29,26170,4,0125679,组六,417,组六,中,0,未中,6,,中,0
2026-06-30,26171,4,0123689,组六,048,组六,中,0,未中,7,,中,0
2026-07-01,26172,4,0123459,组六,771,组三,未中,1,未中,8,,未中,1
2026-07-02,26173,4,0123459,组六,259,组六,未中,2,中,0,,中,0
2026-07-03,26174,4,1234569,组六,157,组六,未中,3,未中,1,,中,0
2026-07-04,26175,9,1234589,组六,838,组三,未中,4,未中,2,组三覆盖,未中,1
2026-07-05,26176,4,1234589,组六,584,组六,中,0,中,0,,中,0
2026-07-06,26177,4,1345789,组六,826,组六,未中,1,未中,1,,中,0
2026-07-07,26178,5,1234589,组六,837,组六,未中,2,未中,2,,中,0
2026-07-08,26179,5,1234589,组六,396,组六,未中,3,未中,3,,中,0
2026-07-09,26180,9,0123689,组六,005,组三,未中,4,未中,4,,未中,1
2026-07-10,26181,2,0135789,组六,124,组六,中,0,未中,5,,中,0
2026-07-11,26182,5,0356789,组六,313,组三,未中,1,未中,6,,未中,1
2026-07-12,26183,1,0246789,组六,352,组六,未中,2,未中,7,,中,0
2026-07-13,26184,1,1345679,组六,142,组六,中,0,未中,8,,中,0
2026-07-14,26185,5,1245789,组六,785,组六,中,0,中,0,,中,0
2026-07-15,26186,5,1234589,组六,665,组三,中,0,未中,1,,未中,1
2026-07-16,26187,5,1234589,组六,086,组六,未中,1,未中,2,,中,0
2026-07-17,26188,5,1234568,组六,607,组六,未中,2,未中,3,,中,0
2026-07-18,26189,5,0135679,组六,950,组六,中,0,中,0,,中,0
2026-07-19,26190,5,0123458,组六,554,组三,中,0,未中,1,组三覆盖,未中,1
2026-07-20,26191,5,0123458,组六,069,组六,未中,1,未中,2,,中,0
2026-07-21,26192,5,1345689,组六,306,组六,未中,2,未中,3,,中,0
2026-07-22,26193,5,0123459,组六,180,组六,未中,3,未中,4,,中,0
2026-07-23,26194,5,0123589,组六,701,组六,未中,4,未中,5,,中,0
2026-07-24,26195,0,0123568,组六,595,组三,未中,5,未中,6,,未中,1
2026-07-25,26196,2,0123678,组六,726,组六,中,0,中,0,,中,0
2026-07-26,26197,5,0145689,组六,473,组六,未中,1,未中,1,,中,0
2026-07-27,26198,5,0134569,组六,719,组六,未中,2,未中,2,,中,0
2026-07-28,26199,5,0134567,组六,305,组六,中,0,中,0,,中,0
2026-07-29,26200,5,0145678,组六,077,组三,未中,1,未中,1,组三覆盖,未中,1
2026-07-30,26201,5,0135679,组六,862,组六,未中,2,未中,2,,中,0
