日期,期号,独胆推荐,开奖号,独胆命中,独胆连续未中,组三命中,组三连续未中
2023-07-28,2023199,6,850,未中,1,未中,1
2023-07-29,2023200,2,314,未中,2,未中,2
2023-07-30,2023201,2,172,中,0,未中,3
2023-07-31,2023202,5,648,未中,1,未中,4
2023-08-01,2023203,9,346,未中,2,未中,5
2023-08-02,2023204,5,133,未中,3,中,0
2023-08-03,2023205,5,171,未中,4,中,0
2023-08-04,2023206,7,222,未中,5,未中,1
2023-08-05,2023207,6,242,未中,6,中,0
2023-08-06,2023208,6,692,中,0,未中,1
2023-08-07,2023209,8,796,未中,1,未中,2
2023-08-08,2023210,3,681,未中,2,未中,3
2023-08-09,2023211,2,612,中,0,未中,4
2023-08-10,2023212,2,444,未中,1,未中,5
2023-08-11,2023213,3,732,中,0,未中,6
2023-08-12,2023214,9,522,未中,1,中,0
2023-08-13,2023215,3,308,中,0,未中,1
2023-08-14,2023216,5,187,未中,1,未中,2
2023-08-15,2023217,0,811,未中,2,中,0
2023-08-16,2023218,0,071,中,0,未中,1
2023-08-17,2023219,9,348,未中,1,未中,2
2023-08-18,2023220,6,587,未中,2,未中,3
2023-08-19,2023221,1,503,未中,3,未中,4
2023-08-20,2023222,1,265,未中,4,未中,5
2023-08-21,2023223,1,309,未中,5,未中,6
2023-08-22,2023224,6,447,未中,6,中,0
2023-08-23,2023225,6,798,未中,7,未中,1
2023-08-24,2023226,8,182,中,0,未中,2
2023-08-25,2023227,4,206,未中,1,未中,3
2023-08-26,2023228,3,985,未中,2,未中,4
2023-08-27,2023229,3,142,未中,3,未中,5
2023-08-28,2023230,7,787,中,0,中,0
2023-08-29,2023231,0,049,中,0,未中,1
2023-08-30,2023232,5,133,未中,1,中,0
2023-08-31,2023233,8,928,中,0,未中,1
2023-09-01,2023234,5,109,未中,1,未中,2
2023-09-02,2023235,4,480,中,0,未中,3
2023-09-03,2023236,5,680,未中,1,未中,4
2023-09-04,2023237,7,096,未中,2,未中,5
2023-09-05,2023238,7,455,未中,3,中,0
2023-09-06,2023239,8,731,未中,4,未中,1
2023-09-07,2023240,6,232,未中,5,中,0
2023-09-08,2023241,7,495,未中,6,未中,1
2023-09-09,2023242,2,486,未中,7,未中,2
2023-09-10,2023243,1,848,未中,8,中,0
2023-09-11,2023244,1,377,未中,9,中,0
2023-09-12,2023245,7,768,中,0,未中,1
2023-09-13,2023246,5,779,未中,1,中,0
2023-09-14,2023247,5,569,中,0,未中,1
2023-09-15,2023248,2,049,未中,1,未中,2
2023-09-16,2023249,2,076,未中,2,未中,3
2023-09-17,2023250,2,968,未中,3,未中,4
2023-09-18,2023251,2,503,未中,4,未中,5
2023-09-19,2023252,4,213,未中,5,未中,6
2023-09-20,2023253,6,721,未中,6,未中,7
2023-09-21,2023254,4,283,未中,7,未中,8
2023-09-22,2023255,4,564,中,0,未中,9
2023-09-23,2023256,1,474,未中,1,中,0
2023-09-24,2023257,9,694,中,0,未中,1
2023-09-25,2023258,9,927,中,0,未中,2
2023-09-26,2023259,0,086,中,0,未中,3
2023-09-27,2023260,4,547,中,0,未中,4
2023-09-28,2023261,9,723,未中,1,未中,5
2023-09-29,2023262,9,220,未中,2,中,0
2023-09-30,2023263,9,335,未中,3,中,0
2023-10-05,2023264,9,638,未中,4,未中,1
2023-10-06,2023265,9,356,未中,5,未中,2
2023-10-07,2023266,9,113,未中,6,中,0
2023-10-08,2023267,7,478,中,0,未中,1
2023-10-09,2023268,0,067,中,0,未中,2
2023-10-10,2023269,4,665,未中,1,中,0
2023-10-11,2023270,3,457,未中,2,未中,1
2023-10-12,2023271,4,179,未中,3,未中,2
2023-10-13,2023272,4,058,未中,4,未中,3
2023-10-14,2023273,3,475,未中,5,未中,4
2023-10-15,2023274,6,995,未中,6,中,0
2023-10-16,2023275,9,739,中,0,未中,1
2023-10-17,2023276,6,441,未中,1,中,0
2023-10-18,2023277,2,920,中,0,未中,1
2023-10-19,2023278,6,809,未中,1,未中,2
2023-10-20,2023279,5,792,未中,2,未中,3
2023-10-21,2023280,6,278,未中,3,未中,4
2023-10-22,2023281,6,684,中,0,未中,5
2023-10-23,2023282,1,104,中,0,未中,6
2023-10-24,2023283,8,948,中,0,未中,7
2023-10-25,2023284,6,393,未中,1,中,0
2023-10-26,2023285,8,591,未中,2,未中,1
2023-10-27,2023286,7,205,未中,3,未中,2
2023-10-28,2023287,6,309,未中,4,未中,3
2023-10-29,2023288,6,550,未中,5,中,0
2023-10-30,2023289,6,866,中,0,中,0
2023-10-31,2023290,1,833,未中,1,中,0
2023-11-01,2023291,2,583,未中,2,未中,1
2023-11-02,2023292,0,689,未中,3,未中,2
2023-11-03,2023293,2,810,未中,4,未中,3
2023-11-04,2023294,2,591,未中,5,未中,4
2023-11-05,2023295,2,795,未中,6,未中,5
2023-11-06,2023296,0,491,未中,7,未中,6
2023-11-07,2023297,9,226,未中,8,中,0
2023-11-08,2023298,7,047,中,0,未中,1
2023-11-09,2023299,1,920,未中,1,未中,2
2023-11-10,2023300,4,090,未中,2,中,0
2023-11-11,2023301,5,580,中,0,未中,1
2023-11-12,2023302,7,618,未中,1,未中,2
2023-11-13,2023303,7,721,中,0,未中,3
2023-11-14,2023304,4,480,中,0,未中,4
2023-11-15,2023305,0,682,未中,1,未中,5
2023-11-16,2023306,0,888,未中,2,未中,6
2023-11-17,2023307,5,937,未中,3,未中,7
2023-11-18,2023308,1,594,未中,4,未中,8
2023-11-19,2023309,2,202,中,0,中,0
2023-11-20,2023310,8,956,未中,1,未中,1
2023-11-21,2023311,7,271,中,0,未中,2
2023-11-22,2023312,5,791,未中,1,未中,3
2023-11-23,2023313,6,989,未中,2,中,0
2023-11-24,2023314,5,228,未中,3,中,0
2023-11-25,2023315,3,618,未中,4,未中,1
2023-11-26,2023316,4,483,中,0,未中,2
2023-11-27,2023317,3,131,中,0,中,0
2023-11-28,2023318,7,014,未中,1,未中,1
2023-11-29,2023319,7,727,中,0,中,0
2023-11-30,2023320,6,375,未中,1,未中,1
2023-12-01,2023321,6,752,未中,2,未中,2
2023-12-02,2023322,6,804,未中,3,未中,3
2023-12-03,2023323,1,269,未中,4,未中,4
2023-12-04,2023324,9,495,中,0,未中,5
2023-12-05,2023325,8,490,未中,1,未中,6
2023-12-06,2023326,8,371,未中,2,未中,7
2023-12-07,2023327,8,014,未中,3,未中,8
2023-12-08,2023328,8,169,未中,4,未中,9
2023-12-09,2023329,9,573,未中,5,未中,10
2023-12-10,2023330,0,376,未中,6,未中,11
2023-12-11,2023331,1,241,中,0,未中,12
2023-12-12,2023332,1,161,中,0,中,0
2023-12-13,2023333,0,188,未中,1,中,0
2023-12-14,2023334,8,900,未中,2,中,0
2023-12-15,2023335,8,111,未中,3,未中,1
2023-12-16,2023336,5,188,未中,4,中,0
2023-12-17,2023337,6,862,中,0,未中,1
2023-12-18,2023338,2,477,未中,1,中,0
2023-12-19,2023339,2,847,未中,2,未中,1
2023-12-20,2023340,2,138,未中,3,未中,2
2023-12-21,2023341,0,227,未中,4,中,0
2023-12-22,2023342,4,769,未中,5,未中,1
2023-12-23,2023343,0,848,未中,6,中,0
2023-12-24,2023344,1,968,未中,7,未中,1
2023-12-25,2023345,7,436,未中,8,未中,2
2023-12-26,2023346,0,491,未中,9,未中,3
2023-12-27,2023347,0,560,中,0,未中,4
2023-12-28,2023348,1,653,未中,1,未中,5
2023-12-29,2023349,8,514,未中,2,未中,6
2023-12-30,2023350,9,771,未中,3,中,0
2023-12-31,2023351,9,490,中,0,未中,1
2024-01-01,2024001,0,218,未中,1,未中,2
2024-01-02,2024002,5,669,未中,2,中,0
2024-01-03,2024003,8,729,未中,3,未中,1
2024-01-04,2024004,3,705,未中,4,未中,2
2024-01-05,2024005,0,806,中,0,未中,3
2024-01-06,2024006,8,212,未中,1,中,0
2024-01-07,2024007,1,633,未中,2,中,0
2024-01-08,2024008,0,423,未中,3,未中,1
2024-01-09,2024009,9,265,未中,4,未中,2
2024-01-10,2024010,0,437,未中,5,未中,3
2024-01-11,2024011,0,927,未中,6,未中,4
2024-01-12,2024012,5,590,中,0,未中,5
2024-01-13,2024013,3,468,未中,1,未中,6
2024-01-14,2024014,7,251,未中,2,未中,7
2024-01-15,2024015,0,438,未中,3,未中,8
2024-01-16,2024016,8,920,未中,4,未中,9
2024-01-17,2024017,6,659,中,0,未中,10
2024-01-18,2024018,0,430,中,0,未中,11
2024-01-19,2024019,0,953,未中,1,未中,12
2024-01-20,2024020,7,868,未中,2,中,0
2024-01-21,2024021,7,446,未中,3,中,0
2024-01-22,2024022,3,285,未中,4,未中,1
2024-01-23,2024023,7,247,中,0,未中,2
2024-01-24,2024024,6,473,未中,1,未中,3
2024-01-25,2024025,6,749,未中,2,未中,4
2024-01-26,2024026,8,149,未中,3,未中,5
2024-01-27,2024027,6,849,未中,4,未中,6
2024-01-28,2024028,5,662,未中,5,中,0
2024-01-29,2024029,7,094,未中,6,未中,1
2024-01-30,2024030,1,935,未中,7,未中,2
2024-01-31,2024031,3,060,未中,8,中,0
2024-02-01,2024032,5,995,中,0,中,0
2024-02-02,2024033,1,945,未中,1,未中,1
2024-02-03,2024034,1,856,未中,2,未中,2
2024-02-04,2024035,6,045,未中,3,未中,3
2024-02-05,2024036,1,265,未中,4,未中,4
2024-02-06,2024037,8,460,未中,5,未中,5
2024-02-07,2024038,8,676,未中,6,中,0
2024-02-18,2024039,8,228,中,0,中,0
2024-02-19,2024040,7,736,中,0,未中,1
2024-02-20,2024041,3,315,中,0,未中,2
2024-02-21,2024042,8,086,中,0,未中,3
2024-02-22,2024043,7,257,中,0,未中,4
2024-02-23,2024044,6,363,中,0,中,0
2024-02-24,2024045,5,406,未中,1,未中,1
2024-02-25,2024046,7,730,中,0,未中,2
2024-02-26,2024047,2,420,中,0,未中,3
2024-02-27,2024048,6,128,未中,1,未中,4
2024-02-28,2024049,7,811,未中,2,中,0
2024-02-29,2024050,7,634,未中,3,未中,1
2024-03-01,2024051,6,340,未中,4,未中,2
2024-03-02,2024052,6,310,未中,5,未中,3
2024-03-03,2024053,9,478,未中,6,未中,4
2024-03-04,2024054,2,192,中,0,未中,5
2024-03-05,2024055,9,589,中,0,未中,6
2024-03-06,2024056,4,542,中,0,未中,7
2024-03-07,2024057,4,805,未中,1,未中,8
2024-03-08,2024058,4,469,中,0,未中,9
2024-03-09,2024059,5,758,中,0,未中,10
2024-03-10,2024060,3,897,未中,1,未中,11
2024-03-11,2024061,3,406,未中,2,未中,12
2024-03-12,2024062,5,377,未中,3,中,0
2024-03-13,2024063,0,349,未中,4,未中,1
2024-03-14,2024064,5,009,未中,5,中,0
2024-03-15,2024065,1,469,未中,6,未中,1
2024-03-16,2024066,1,198,中,0,未中,2
2024-03-17,2024067,3,709,未中,1,未中,3
2024-03-18,2024068,3,642,未中,2,未中,4
2024-03-19,2024069,3,451,未中,3,未中,5
2024-03-20,2024070,2,671,未中,4,未中,6
2024-03-21,2024071,2,213,中,0,未中,7
2024-03-22,2024072,5,977,未中,1,中,0
2024-03-23,2024073,9,258,未中,2,未中,1
2024-03-24,2024074,6,041,未中,3,未中,2
2024-03-25,2024075,5,254,中,0,未中,3
2024-03-26,2024076,0,655,未中,1,中,0
2024-03-27,2024077,7,336,未中,2,中,0
2024-03-28,2024078,0,397,未中,3,未中,1
2024-03-29,2024079,4,931,未中,4,未中,2
2024-03-30,2024080,5,775,中,0,中,0
2024-03-31,2024081,6,108,未中,1,未中,1
2024-04-01,2024082,6,920,未中,2,未中,2
2024-04-02,2024083,9,899,中,0,中,0
2024-04-03,2024084,2,219,中,0,未中,1
2024-04-04,2024085,0,490,中,0,未中,2
2024-04-05,2024086,8,532,未中,1,未中,3
2024-04-06,2024087,0,797,未中,2,中,0
2024-04-07,2024088,1,761,中,0,未中,1
2024-04-08,2024089,3,457,未中,1,未中,2
2024-04-09,2024090,9,890,中,0,未中,3
2024-04-10,2024091,0,564,未中,1,未中,4
2024-04-11,2024092,0,071,中,0,未中,5
2024-04-12,2024093,1,647,未中,1,未中,6
2024-04-13,2024094,1,679,未中,2,未中,7
2024-04-14,2024095,5,257,中,0,未中,8
2024-04-15,2024096,8,129,未中,1,未中,9
2024-04-16,2024097,5,389,未中,2,未中,10
2024-04-17,2024098,7,620,未中,3,未中,11
2024-04-18,2024099,1,190,中,0,未中,12
2024-04-19,2024100,3,936,中,0,未中,13
2024-04-20,2024101,8,594,未中,1,未中,14
2024-04-21,2024102,4,339,未中,2,中,0
2024-04-22,2024103,1,984,未中,3,未中,1
2024-04-23,2024104,1,579,未中,4,未中,2
2024-04-24,2024105,1,976,未中,5,未中,3
2024-04-25,2024106,2,127,中,0,未中,4
2024-04-26,2024107,5,062,未中,1,未中,5
2024-04-27,2024108,7,432,未中,2,未中,6
2024-04-28,2024109,4,181,未中,3,中,0
2024-04-29,2024110,9,506,未中,4,未中,1
2024-04-30,2024111,0,206,中,0,未中,2
2024-05-01,2024112,8,630,未中,1,未中,3
2024-05-02,2024113,9,242,未中,2,中,0
2024-05-03,2024114,1,075,未中,3,未中,1
2024-05-04,2024115,1,099,未中,4,中,0
2024-05-05,2024116,8,851,中,0,未中,1
2024-05-06,2024117,6,989,未中,1,中,0
2024-05-07,2024118,4,343,中,0,中,0
2024-05-08,2024119,4,508,未中,1,未中,1
2024-05-09,2024120,6,549,未中,2,未中,2
2024-05-10,2024121,6,289,未中,3,未中,3
2024-05-11,2024122,9,708,未中,4,未中,4
2024-05-12,2024123,9,183,未中,5,未中,5
2024-05-13,2024124,7,787,中,0,中,0
2024-05-14,2024125,2,649,未中,1,未中,1
2024-05-15,2024126,1,323,未中,2,中,0
2024-05-16,2024127,6,214,未中,3,未中,1
2024-05-17,2024128,7,573,中,0,未中,2
2024-05-18,2024129,8,067,未中,1,未中,3
2024-05-19,2024130,3,066,未中,2,中,0
2024-05-20,2024131,2,069,未中,3,未中,1
2024-05-21,2024132,3,652,未中,4,未中,2
2024-05-22,2024133,7,741,中,0,未中,3
2024-05-23,2024134,8,640,未中,1,未中,4
2024-05-24,2024135,2,035,未中,2,未中,5
2024-05-25,2024136,8,227,未中,3,中,0
2024-05-26,2024137,3,982,未中,4,未中,1
2024-05-27,2024138,8,955,未中,5,中,0
2024-05-28,2024139,8,748,中,0,未中,1
2024-05-29,2024140,8,536,未中,1,未中,2
2024-05-30,2024141,8,256,未中,2,未中,3
2024-05-31,2024142,3,813,中,0,未中,4
2024-06-01,2024143,7,955,未中,1,中,0
2024-06-02,2024144,4,816,未中,2,未中,1
2024-06-03,2024145,9,756,未中,3,未中,2
2024-06-04,2024146,4,180,未中,4,未中,3
2024-06-05,2024147,4,225,未中,5,中,0
2024-06-06,2024148,4,426,中,0,未中,1
2024-06-07,2024149,7,153,未中,1,未中,2
2024-06-08,2024150,3,356,中,0,未中,3
2024-06-09,2024151,6,765,中,0,未中,4
2024-06-10,2024152,3,848,未中,1,中,0
2024-06-11,2024153,2,287,中,0,未中,1
2024-06-12,2024154,6,834,未中,1,未中,2
2024-06-13,2024155,0,411,未中,2,中,0
2024-06-14,2024156,0,180,中,0,未中,1
2024-06-15,2024157,7,126,未中,1,未中,2
2024-06-16,2024158,3,821,未中,2,未中,3
2024-06-17,2024159,9,212,未中,3,中,0
2024-06-18,2024160,3,690,未中,4,未中,1
2024-06-19,2024161,7,468,未中,5,未中,2
2024-06-20,2024162,0,164,未中,6,未中,3
2024-06-21,2024163,7,304,未中,7,未中,4
2024-06-22,2024164,0,354,未中,8,未中,5
2024-06-23,2024165,7,145,未中,9,未中,6
2024-06-24,2024166,0,397,未中,10,未中,7
2024-06-25,2024167,8,220,未中,11,中,0
2024-06-26,2024168,0,752,未中,12,未中,1
2024-06-27,2024169,0,402,中,0,未中,2
2024-06-28,2024170,0,225,未中,1,中,0
2024-06-29,2024171,5,480,未中,2,未中,1
2024-06-30,2024172,0,908,中,0,未中,2
2024-07-01,2024173,7,449,未中,1,中,0
2024-07-02,2024174,1,236,未中,2,未中,1
2024-07-03,2024175,8,488,中,0,中,0
2024-07-04,2024176,8,108,中,0,未中,1
2024-07-05,2024177,7,460,未中,1,未中,2
2024-07-06,2024178,2,581,未中,2,未中,3
2024-07-07,2024179,2,005,未中,3,中,0
2024-07-08,2024180,3,918,未中,4,未中,1
2024-07-09,2024181,3,230,中,0,未中,2
2024-07-10,2024182,4,884,中,0,中,0
2024-07-11,2024183,1,443,未中,1,中,0
2024-07-12,2024184,8,933,未中,2,中,0
2024-07-13,2024185,8,306,未中,3,未中,1
2024-07-14,2024186,5,579,中,0,未中,2
2024-07-15,2024187,0,380,中,0,未中,3
2024-07-16,2024188,8,956,未中,1,未中,4
2024-07-17,2024189,8,530,未中,2,未中,5
2024-07-18,2024190,2,410,未中,3,未中,6
2024-07-19,2024191,7,382,未中,4,未中,7
2024-07-20,2024192,8,676,未中,5,中,0
2024-07-21,2024193,1,681,中,0,未中,1
2024-07-22,2024194,1,137,中,0,未中,2
2024-07-23,2024195,4,725,未中,1,未中,3
2024-07-24,2024196,4,056,未中,2,未中,4
2024-07-25,2024197,1,224,未中,3,中,0
2024-07-26,2024198,0,710,中,0,未中,1
2024-07-27,2024199,9,147,未中,1,未中,2
2024-07-28,2024200,0,309,中,0,未中,3
2024-07-29,2024201,6,843,未中,1,未中,4
2024-07-30,2024202,6,552,未中,2,中,0
2024-07-31,2024203,9,172,未中,3,未中,1
2024-08-01,2024204,9,390,中,0,未中,2
2024-08-02,2024205,0,651,未中,1,未中,3
2024-08-03,2024206,9,818,未中,2,中,0
2024-08-04,2024207,2,892,中,0,未中,1
2024-08-05,2024208,6,281,未中,1,未中,2
2024-08-06,2024209,3,676,未中,2,中,0
2024-08-07,2024210,7,449,未中,3,中,0
2024-08-08,2024211,7,054,未中,4,未中,1
2024-08-09,2024212,6,089,未中,5,未中,2
2024-08-10,2024213,2,009,未中,6,中,0
2024-08-11,2024214,2,365,未中,7,未中,1
2024-08-12,2024215,2,483,未中,8,未中,2
2024-08-13,2024216,6,444,未中,9,未中,3
2024-08-14,2024217,6,405,未中,10,未中,4
2024-08-15,2024218,6,467,中,0,未中,5
2024-08-16,2024219,7,305,未中,1,未中,6
2024-08-17,2024220,7,414,未中,2,中,0
2024-08-18,2024221,7,103,未中,3,未中,1
2024-08-19,2024222,5,564,中,0,未中,2
2024-08-20,2024223,8,773,未中,1,中,0
2024-08-21,2024224,1,560,未中,2,未中,1
2024-08-22,2024225,8,884,中,0,中,0
2024-08-23,2024226,3,380,中,0,未中,1
2024-08-24,2024227,7,312,未中,1,未中,2
2024-08-25,2024228,5,298,未中,2,未中,3
2024-08-26,2024229,5,911,未中,3,中,0
2024-08-27,2024230,2,497,未中,4,未中,1
2024-08-28,2024231,3,938,中,0,未中,2
2024-08-29,2024232,4,012,未中,1,未中,3
2024-08-30,2024233,1,397,未中,2,未中,4
2024-08-31,2024234,1,715,中,0,未中,5
2024-09-01,2024235,8,492,未中,1,未中,6
2024-09-02,2024236,0,512,未中,2,未中,7
2024-09-03,2024237,0,274,未中,3,未中,8
2024-09-04,2024238,4,469,中,0,未中,9
2024-09-05,2024239,5,524,中,0,未中,10
2024-09-06,2024240,1,065,未中,1,未中,11
2024-09-07,2024241,1,470,未中,2,未中,12
2024-09-08,2024242,1,623,未中,3,未中,13
2024-09-09,2024243,3,955,未中,4,中,0
2024-09-10,2024244,0,863,未中,5,未中,1
2024-09-11,2024245,4,741,中,0,未中,2
2024-09-12,2024246,2,710,未中,1,未中,3
2024-09-13,2024247,2,783,未中,2,未中,4
2024-09-14,2024248,9,861,未中,3,未中,5
2024-09-15,2024249,9,449,中,0,中,0
2024-09-16,2024250,5,253,中,0,未中,1
2024-09-17,2024251,7,156,未中,1,未中,2
2024-09-18,2024252,9,086,未中,2,未中,3
2024-09-19,2024253,4,274,中,0,未中,4
2024-09-20,2024254,4,409,中,0,未中,5
2024-09-21,2024255,1,096,未中,1,未中,6
2024-09-22,2024256,1,749,未中,2,未中,7
2024-09-23,2024257,1,199,中,0,中,0
2024-09-24,2024258,2,077,未中,1,中,0
2024-09-25,2024259,6,249,未中,2,未中,1
2024-09-26,2024260,9,926,中,0,未中,2
2024-09-27,2024261,6,766,中,0,中,0
2024-09-28,2024262,8,465,未中,1,未中,1
2024-09-29,2024263,1,292,未中,2,中,0
2024-09-30,2024264,1,710,中,0,未中,1
2024-10-05,2024265,9,245,未中,1,未中,2
2024-10-06,2024266,5,390,未中,2,未中,3
2024-10-07,2024267,9,227,未中,3,中,0
2024-10-08,2024268,9,931,中,0,未中,1
2024-10-09,2024269,4,388,未中,1,中,0
2024-10-10,2024270,4,699,未中,2,中,0
2024-10-11,2024271,1,795,未中,3,未中,1
2024-10-12,2024272,5,275,中,0,未中,2
2024-10-13,2024273,3,833,中,0,中,0
2024-10-14,2024274,0,172,未中,1,未中,1
2024-10-15,2024275,5,827,未中,2,未中,2
2024-10-16,2024276,0,086,中,0,未中,3
2024-10-17,2024277,4,684,中,0,未中,4
2024-10-18,2024278,1,221,中,0,中,0
2024-10-19,2024279,4,060,未中,1,中,0
2024-10-20,2024280,4,248,中,0,未中,1
2024-10-21,2024281,5,900,未中,1,中,0
2024-10-22,2024282,9,983,中,0,未中,1
2024-10-23,2024283,1,419,中,0,未中,2
2024-10-24,2024284,1,342,未中,1,未中,3
2024-10-25,2024285,1,718,中,0,未中,4
2024-10-26,2024286,7,621,未中,1,未中,5
2024-10-27,2024287,0,192,未中,2,未中,6
2024-10-28,2024288,8,839,中,0,未中,7
2024-10-29,2024289,6,989,未中,1,中,0
2024-10-30,2024290,2,911,未中,2,中,0
2024-10-31,2024291,0,426,未中,3,未中,1
2024-11-01,2024292,2,462,中,0,未中,2
2024-11-02,2024293,2,521,中,0,未中,3
2024-11-03,2024294,8,364,未中,1,未中,4
2024-11-04,2024295,8,571,未中,2,未中,5
2024-11-05,2024296,7,816,未中,3,未中,6
2024-11-06,2024297,9,372,未中,4,未中,7
2024-11-07,2024298,6,055,未中,5,中,0
2024-11-08,2024299,6,949,未中,6,中,0
2024-11-09,2024300,8,666,未中,7,未中,1
2024-11-10,2024301,8,435,未中,8,未中,2
2024-11-11,2024302,0,516,未中,9,未中,3
2024-11-12,2024303,8,336,未中,10,中,0
2024-11-13,2024304,9,169,中,0,未中,1
2024-11-14,2024305,9,966,中,0,中,0
2024-11-15,2024306,4,296,未中,1,未中,1
2024-11-16,2024307,1,579,未中,2,未中,2
2024-11-17,2024308,0,654,未中,3,未中,3
2024-11-18,2024309,1,539,未中,4,未中,4
2024-11-19,2024310,0,603,中,0,未中,5
2024-11-20,2024311,9,067,未中,1,未中,6
2024-11-21,2024312,1,754,未中,2,未中,7
2024-11-22,2024313,1,095,未中,3,未中,8
2024-11-23,2024314,9,672,未中,4,未中,9
2024-11-24,2024315,2,802,中,0,未中,10
2024-11-25,2024316,4,789,未中,1,未中,11
2024-11-26,2024317,2,386,未中,2,未中,12
2024-11-27,2024318,4,525,未中,3,中,0
2024-11-28,2024319,2,726,中,0,未中,1
2024-11-29,2024320,3,778,未中,1,中,0
2024-11-30,2024321,3,542,未中,2,未中,1
2024-12-01,2024322,3,867,未中,3,未中,2
2024-12-02,2024323,3,536,中,0,未中,3
2024-12-03,2024324,4,384,中,0,未中,4
2024-12-04,2024325,6,158,未中,1,未中,5
2024-12-05,2024326,0,722,未中,2,中,0
2024-12-06,2024327,2,280,中,0,未中,1
2024-12-07,2024328,4,306,未中,1,未中,2
2024-12-08,2024329,4,910,未中,2,未中,3
2024-12-09,2024330,2,167,未中,3,未中,4
2024-12-10,2024331,4,964,中,0,未中,5
2024-12-11,2024332,0,765,未中,1,未中,6
2024-12-12,2024333,9,951,中,0,未中,7
2024-12-13,2024334,6,541,未中,1,未中,8
2024-12-14,2024335,8,593,未中,2,未中,9
2024-12-15,2024336,8,964,未中,3,未中,10
2024-12-16,2024337,0,843,未中,4,未中,11
2024-12-17,2024338,6,977,未中,5,中,0
2024-12-18,2024339,3,509,未中,6,未中,1
2024-12-19,2024340,4,278,未中,7,未中,2
2024-12-20,2024341,3,371,中,0,未中,3
2024-12-21,2024342,8,483,中,0,未中,4
2024-12-22,2024343,5,214,未中,1,未中,5
2024-12-23,2024344,7,305,未中,2,未中,6
2024-12-24,2024345,1,317,中,0,未中,7
2024-12-25,2024346,4,056,未中,1,未中,8
2024-12-26,2024347,4,392,未中,2,未中,9
2024-12-27,2024348,4,928,未中,3,未中,10
2024-12-28,2024349,1,108,中,0,未中,11
2024-12-29,2024350,4,672,未中,1,未中,12
2024-12-30,2024351,8,657,未中,2,未中,13
2024-12-31,2024352,1,292,未中,3,中,0
2025-01-01,2025001,0,703,中,0,未中,1
2025-01-02,2025002,5,916,未中,1,未中,2
2025-01-03,2025003,7,214,未中,2,未中,3
2025-01-04,2025004,7,634,未中,3,未中,4
2025-01-05,2025005,3,085,未中,4,未中,5
2025-01-06,2025006,1,898,未中,5,中,0
2025-01-07,2025007,1,141,中,0,中,0
2025-01-08,2025008,4,260,未中,1,未中,1
2025-01-09,2025009,4,416,中,0,未中,2
2025-01-10,2025010,7,333,未中,1,未中,3
2025-01-11,2025011,7,518,未中,2,未中,4
2025-01-12,2025012,0,487,未中,3,未中,5
2025-01-13,2025013,9,606,未中,4,中,0
2025-01-14,2025014,9,679,中,0,未中,1
2025-01-15,2025015,2,942,中,0,未中,2
2025-01-16,2025016,3,104,未中,1,未中,3
2025-01-17,2025017,3,027,未中,2,未中,4
2025-01-18,2025018,3,836,中,0,未中,5
2025-01-19,2025019,9,710,未中,1,未中,6
2025-01-20,2025020,3,056,未中,2,未中,7
2025-01-21,2025021,4,468,中,0,未中,8
2025-01-22,2025022,8,638,中,0,未中,9
2025-01-23,2025023,1,591,中,0,未中,10
2025-01-24,2025024,5,762,未中,1,未中,11
2025-01-25,2025025,2,486,未中,2,未中,12
2025-01-26,2025026,1,588,未中,3,中,0
2025-02-06,2025027,2,383,未中,4,中,0
2025-02-07,2025028,0,409,中,0,未中,1
2025-02-08,2025029,7,096,未中,1,未中,2
2025-02-09,2025030,7,302,未中,2,未中,3
2025-02-10,2025031,7,379,中,0,未中,4
2025-02-11,2025032,4,499,中,0,中,0
2025-02-12,2025033,5,606,未中,1,中,0
2025-02-13,2025034,5,261,未中,2,未中,1
2025-02-14,2025035,9,778,未中,3,中,0
2025-02-15,2025036,1,617,中,0,未中,1
2025-02-16,2025037,8,131,未中,1,中,0
2025-02-17,2025038,8,847,中,0,未中,1
2025-02-18,2025039,2,932,中,0,未中,2
2025-02-19,2025040,7,428,未中,1,未中,3
2025-02-20,2025041,7,401,未中,2,未中,4
2025-02-21,2025042,8,775,未中,3,中,0
2025-02-22,2025043,9,475,未中,4,未中,1
2025-02-23,2025044,2,912,中,0,未中,2
2025-02-24,2025045,3,554,未中,1,中,0
2025-02-25,2025046,3,490,未中,2,未中,1
2025-02-26,2025047,3,248,未中,3,未中,2
2025-02-27,2025048,7,640,未中,4,未中,3
2025-02-28,2025049,7,004,未中,5,中,0
2025-03-01,2025050,2,806,未中,6,未中,1
2025-03-02,2025051,7,905,未中,7,未中,2
2025-03-03,2025052,3,585,未中,8,中,0
2025-03-04,2025053,8,895,中,0,未中,1
2025-03-05,2025054,2,497,未中,1,未中,2
2025-03-06,2025055,3,368,中,0,未中,3
2025-03-07,2025056,0,492,未中,1,未中,4
2025-03-08,2025057,5,397,未中,2,未中,5
2025-03-09,2025058,0,405,中,0,未中,6
2025-03-10,2025059,7,847,中,0,未中,7
2025-03-11,2025060,0,938,未中,1,未中,8
2025-03-12,2025061,0,476,未中,2,未中,9
2025-03-13,2025062,5,810,未中,3,未中,10
2025-03-14,2025063,7,405,未中,4,未中,11
2025-03-15,2025064,0,928,未中,5,未中,12
2025-03-16,2025065,6,538,未中,6,未中,13
2025-03-17,2025066,6,720,未中,7,未中,14
2025-03-18,2025067,6,385,未中,8,未中,15
2025-03-19,2025068,6,555,未中,9,未中,16
2025-03-20,2025069,6,906,中,0,未中,17
2025-03-21,2025070,8,748,中,0,未中,18
2025-03-22,2025071,3,434,中,0,中,0
2025-03-23,2025072,5,272,未中,1,中,0
2025-03-24,2025073,6,778,未中,2,中,0
2025-03-25,2025074,4,419,中,0,未中,1
2025-03-26,2025075,3,709,未中,1,未中,2
2025-03-27,2025076,5,781,未中,2,未中,3
2025-03-28,2025077,5,625,中,0,未中,4
2025-03-29,2025078,8,000,未中,1,未中,5
2025-03-30,2025079,8,657,未中,2,未中,6
2025-03-31,2025080,1,500,未中,3,中,0
2025-04-01,2025081,3,403,中,0,未中,1
2025-04-02,2025082,3,417,未中,1,未中,2
2025-04-03,2025083,2,915,未中,2,未中,3
2025-04-04,2025084,3,030,中,0,中,0
2025-04-05,2025085,9,338,未中,1,中,0
2025-04-06,2025086,4,388,未中,2,中,0
2025-04-07,2025087,7,826,未中,3,未中,1
2025-04-08,2025088,1,022,未中,4,中,0
2025-04-09,2025089,1,658,未中,5,未中,1
2025-04-10,2025090,4,159,未中,6,未中,2
2025-04-11,2025091,2,135,未中,7,未中,3
2025-04-12,2025092,2,317,未中,8,未中,4
2025-04-13,2025093,9,545,未中,9,中,0
2025-04-14,2025094,6,649,中,0,未中,1
2025-04-15,2025095,7,068,未中,1,未中,2
2025-04-16,2025096,5,385,中,0,未中,3
2025-04-17,2025097,9,542,未中,1,未中,4
2025-04-18,2025098,0,714,未中,2,未中,5
2025-04-19,2025099,7,707,中,0,中,0
2025-04-20,2025100,0,953,未中,1,未中,1
2025-04-21,2025101,4,016,未中,2,未中,2
2025-04-22,2025102,9,161,未中,3,中,0
2025-04-23,2025103,7,370,中,0,未中,1
2025-04-24,2025104,2,877,未中,1,中,0
2025-04-25,2025105,4,015,未中,2,未中,1
2025-04-26,2025106,5,752,中,0,未中,2
2025-04-27,2025107,4,027,未中,1,未中,3
2025-04-28,2025108,4,407,中,0,未中,4
2025-04-29,2025109,6,841,未中,1,未中,5
2025-04-30,2025110,2,914,未中,2,未中,6
2025-05-01,2025111,7,270,中,0,未中,7
2025-05-02,2025112,7,954,未中,1,未中,8
2025-05-03,2025113,3,635,中,0,未中,9
2025-05-04,2025114,2,375,未中,1,未中,10
2025-05-05,2025115,1,206,未中,2,未中,11
2025-05-06,2025116,8,320,未中,3,未中,12
2025-05-07,2025117,4,849,中,0,未中,13
2025-05-08,2025118,9,621,未中,1,未中,14
2025-05-09,2025119,0,315,未中,2,未中,15
2025-05-10,2025120,4,912,未中,3,未中,16
2025-05-11,2025121,0,120,中,0,未中,17
2025-05-12,2025122,0,488,未中,1,中,0
2025-05-13,2025123,6,725,未中,2,未中,1
2025-05-14,2025124,1,809,未中,3,未中,2
2025-05-15,2025125,4,351,未中,4,未中,3
2025-05-16,2025126,2,320,中,0,未中,4
2025-05-17,2025127,1,431,中,0,未中,5
2025-05-18,2025128,9,814,未中,1,未中,6
2025-05-19,2025129,6,915,未中,2,未中,7
2025-05-20,2025130,6,204,未中,3,未中,8
2025-05-21,2025131,0,203,中,0,未中,9
2025-05-22,2025132,6,689,中,0,未中,10
2025-05-23,2025133,4,645,中,0,未中,11
2025-05-24,2025134,0,748,未中,1,未中,12
2025-05-25,2025135,9,458,未中,2,未中,13
2025-05-26,2025136,9,113,未中,3,中,0
2025-05-27,2025137,1,838,未中,4,中,0
2025-05-28,2025138,7,296,未中,5,未中,1
2025-05-29,2025139,4,598,未中,6,未中,2
2025-05-30,2025140,3,149,未中,7,未中,3
2025-05-31,2025141,7,202,未中,8,中,0
2025-06-01,2025142,7,916,未中,9,未中,1
2025-06-02,2025143,0,256,未中,10,未中,2
2025-06-03,2025144,8,666,未中,11,未中,3
2025-06-04,2025145,1,267,未中,12,未中,4
2025-06-05,2025146,8,897,中,0,未中,5
2025-06-06,2025147,0,321,未中,1,未中,6
2025-06-07,2025148,8,838,中,0,中,0
2025-06-08,2025149,6,734,未中,1,未中,1
2025-06-09,2025150,8,321,未中,2,未中,2
2025-06-10,2025151,6,718,未中,3,未中,3
2025-06-11,2025152,8,210,未中,4,未中,4
2025-06-12,2025153,6,069,中,0,未中,5
2025-06-13,2025154,4,923,未中,1,未中,6
2025-06-14,2025155,4,499,中,0,中,0
2025-06-15,2025156,6,775,未中,1,中,0
2025-06-16,2025157,0,969,未中,2,中,0
2025-06-17,2025158,2,701,未中,3,未中,1
2025-06-18,2025159,2,073,未中,4,未中,2
2025-06-19,2025160,2,503,未中,5,未中,3
2025-06-20,2025161,2,748,未中,6,未中,4
2025-06-21,2025162,8,275,未中,7,未中,5
2025-06-22,2025163,3,636,中,0,中,0
2025-06-23,2025164,6,337,未中,1,中,0
2025-06-24,2025165,6,609,中,0,未中,1
2025-06-25,2025166,3,808,未中,1,中,0
2025-06-26,2025167,8,702,未中,2,未中,1
2025-06-27,2025168,2,514,未中,3,未中,2
2025-06-28,2025169,6,978,未中,4,未中,3
2025-06-29,2025170,6,475,未中,5,未中,4
2025-06-30,2025171,6,113,未中,6,中,0
2025-07-01,2025172,9,406,未中,7,未中,1
2025-07-02,2025173,8,092,未中,8,未中,2
2025-07-03,2025174,3,533,中,0,中,0
2025-07-04,2025175,3,616,未中,1,中,0
2025-07-05,2025176,3,122,未中,2,中,0
2025-07-06,2025177,3,497,未中,3,未中,1
2025-07-07,2025178,6,728,未中,4,未中,2
2025-07-08,2025179,5,280,未中,5,未中,3
2025-07-09,2025180,1,260,未中,6,未中,4
2025-07-10,2025181,6,886,中,0,中,0
2025-07-11,2025182,1,708,未中,1,未中,1
2025-07-12,2025183,4,744,中,0,中,0
2025-07-13,2025184,2,799,未中,1,中,0
2025-07-14,2025185,2,164,未中,2,未中,1
2025-07-15,2025186,9,227,未中,3,中,0
2025-07-16,2025187,6,761,中,0,未中,1
2025-07-17,2025188,4,018,未中,1,未中,2
2025-07-18,2025189,6,907,未中,2,未中,3
2025-07-19,2025190,2,402,中,0,未中,4
2025-07-20,2025191,2,202,中,0,中,0
2025-07-21,2025192,5,691,未中,1,未中,1
2025-07-22,2025193,5,876,未中,2,未中,2
2025-07-23,2025194,5,726,未中,3,未中,3
2025-07-24,2025195,5,980,未中,4,未中,4
2025-07-25,2025196,2,734,未中,5,未中,5
2025-07-26,2025197,5,057,中,0,未中,6
2025-07-27,2025198,1,898,未中,1,中,0
2025-07-28,2025199,3,943,中,0,未中,1
2025-07-29,2025200,3,015,未中,1,未中,2
2025-07-30,2025201,4,846,中,0,未中,3
2025-07-31,2025202,7,953,未中,1,未中,4
2025-08-01,2025203,1,013,中,0,未中,5
2025-08-02,2025204,4,007,未中,1,中,0
2025-08-03,2025205,8,920,未中,2,未中,1
2025-08-04,2025206,3,444,未中,3,未中,2
2025-08-05,2025207,7,255,未中,4,中,0
2025-08-06,2025208,1,432,未中,5,未中,1
2025-08-07,2025209,1,387,未中,6,未中,2
2025-08-08,2025210,8,520,未中,7,未中,3
2025-08-09,2025211,8,897,中,0,未中,4
2025-08-10,2025212,4,456,中,0,未中,5
2025-08-11,2025213,3,381,中,0,未中,6
2025-08-12,2025214,0,920,中,0,未中,7
2025-08-13,2025215,0,853,未中,1,未中,8
2025-08-14,2025216,0,625,未中,2,未中,9
2025-08-15,2025217,0,894,未中,3,未中,10
2025-08-16,2025218,1,526,未中,4,未中,11
2025-08-17,2025219,1,900,未中,5,中,0
2025-08-18,2025220,0,536,未中,6,未中,1
2025-08-19,2025221,6,296,中,0,未中,2
2025-08-20,2025222,4,010,未中,1,中,0
2025-08-21,2025223,3,736,中,0,未中,1
2025-08-22,2025224,0,990,中,0,中,0
2025-08-23,2025225,6,806,中,0,未中,1
2025-08-24,2025226,3,180,未中,1,未中,2
2025-08-25,2025227,4,611,未中,2,中,0
2025-08-26,2025228,6,465,中,0,未中,1
2025-08-27,2025229,2,108,未中,1,未中,2
2025-08-28,2025230,2,439,未中,2,未中,3
2025-08-29,2025231,2,732,中,0,未中,4
2025-08-30,2025232,7,044,未中,1,中,0
2025-08-31,2025233,0,259,未中,2,未中,1
2025-09-01,2025234,0,620,中,0,未中,2
2025-09-02,2025235,8,969,未中,1,中,0
2025-09-03,2025236,8,355,未中,2,中,0
2025-09-04,2025237,5,590,中,0,未中,1
2025-09-05,2025238,6,860,中,0,未中,2
2025-09-06,2025239,0,125,未中,1,未中,3
2025-09-07,2025240,0,419,未中,2,未中,4
2025-09-08,2025241,6,160,中,0,未中,5
2025-09-09,2025242,5,990,未中,1,中,0
2025-09-10,2025243,8,176,未中,2,未中,1
2025-09-11,2025244,2,673,未中,3,未中,2
2025-09-12,2025245,8,848,中,0,中,0
2025-09-13,2025246,9,997,中,0,中,0
2025-09-14,2025247,3,262,未中,1,中,0
2025-09-15,2025248,4,526,未中,2,未中,1
2025-09-16,2025249,8,952,未中,3,未中,2
2025-09-17,2025250,8,902,未中,4,未中,3
2025-09-18,2025251,8,868,中,0,中,0
2025-09-19,2025252,5,792,未中,1,未中,1
2025-09-20,2025253,3,457,未中,2,未中,2
2025-09-21,2025254,5,072,未中,3,未中,3
2025-09-22,2025255,5,264,未中,4,未中,4
2025-09-23,2025256,5,406,未中,5,未中,5
2025-09-24,2025257,8,860,中,0,未中,6
2025-09-25,2025258,9,626,未中,1,中,0
2025-09-26,2025259,9,625,未中,2,未中,1
2025-09-27,2025260,1,199,中,0,中,0
2025-09-28,2025261,5,751,中,0,未中,1
2025-09-29,2025262,8,914,未中,1,未中,2
2025-09-30,2025263,5,399,未中,2,中,0
2025-10-05,2025264,8,734,未中,3,未中,1
2025-10-06,2025265,8,546,未中,4,未中,2
2025-10-07,2025266,5,723,未中,5,未中,3
2025-10-08,2025267,9,391,中,0,未中,4
2025-10-09,2025268,4,674,中,0,未中,5
2025-10-10,2025269,5,055,中,0,中,0
2025-10-11,2025270,6,408,未中,1,未中,1
2025-10-12,2025271,1,727,未中,2,中,0
2025-10-13,2025272,1,967,未中,3,未中,1
2025-10-14,2025273,6,045,未中,4,未中,2
2025-10-15,2025274,6,596,中,0,未中,3
2025-10-16,2025275,6,203,未中,1,未中,4
2025-10-17,2025276,6,714,未中,2,未中,5
2025-10-18,2025277,1,061,中,0,未中,6
2025-10-19,2025278,2,629,中,0,未中,7
2025-10-20,2025279,5,752,中,0,未中,8
2025-10-21,2025280,1,411,中,0,中,0
2025-10-22,2025281,1,897,未中,1,未中,1
2025-10-23,2025282,4,416,中,0,未中,2
2025-10-24,2025283,6,664,中,0,中,0
2025-10-25,2025284,1,844,未中,1,中,0
2025-10-26,2025285,1,172,中,0,未中,1
2025-10-27,2025286,6,827,未中,1,未中,2
2025-10-28,2025287,6,805,未中,2,未中,3
2025-10-29,2025288,4,767,未中,3,中,0
2025-10-30,2025289,4,473,中,0,未中,1
2025-10-31,2025290,3,332,中,0,中,0
2025-11-01,2025291,4,794,中,0,未中,1
2025-11-02,2025292,9,117,未中,1,中,0
2025-11-03,2025293,0,154,未中,2,未中,1
2025-11-04,2025294,3,513,中,0,未中,2
2025-11-05,2025295,3,273,中,0,未中,3
2025-11-06,2025296,0,537,未中,1,未中,4
2025-11-07,2025297,0,051,中,0,未中,5
2025-11-08,2025298,8,544,未中,1,中,0
2025-11-09,2025299,8,385,中,0,未中,1
2025-11-10,2025300,4,867,未中,1,未中,2
2025-11-11,2025301,4,755,未中,2,中,0
2025-11-12,2025302,2,715,未中,3,未中,1
2025-11-13,2025303,2,933,未中,4,中,0
2025-11-14,2025304,1,471,中,0,未中,1
2025-11-15,2025305,3,310,中,0,未中,2
2025-11-16,2025306,9,697,中,0,未中,3
2025-11-17,2025307,1,164,中,0,未中,4
2025-11-18,2025308,0,448,未中,1,中,0
2025-11-19,2025309,7,190,未中,2,未中,1
2025-11-20,2025310,5,169,未中,3,未中,2
2025-11-21,2025311,5,640,未中,4,未中,3
2025-11-22,2025312,5,689,未中,5,未中,4
2025-11-23,2025313,3,664,未中,6,中,0
2025-11-24,2025314,3,917,未中,7,未中,1
2025-11-25,2025315,3,729,未中,8,未中,2
2025-11-26,2025316,0,775,未中,9,中,0
2025-11-27,2025317,8,301,未中,10,未中,1
2025-11-28,2025318,2,430,未中,11,未中,2
2025-11-29,2025319,8,294,未中,12,未中,3
2025-11-30,2025320,1,121,中,0,中,0
2025-12-01,2025321,3,847,未中,1,未中,1
2025-12-02,2025322,7,226,未中,2,中,0
2025-12-03,2025323,1,551,中,0,中,0
2025-12-04,2025324,7,661,未中,1,中,0
2025-12-05,2025325,3,165,未中,2,未中,1
2025-12-06,2025326,4,185,未中,3,未中,2
2025-12-07,2025327,4,789,未中,4,未中,3
2025-12-08,2025328,9,040,未中,5,中,0
2025-12-09,2025329,9,564,未中,6,未中,1
2025-12-10,2025330,1,062,未中,7,未中,2
2025-12-11,2025331,1,050,未中,8,中,0
2025-12-12,2025332,4,885,未中,9,中,0
2025-12-13,2025333,9,273,未中,10,未中,1
2025-12-14,2025334,7,198,未中,11,未中,2
2025-12-15,2025335,0,051,中,0,未中,3
2025-12-16,2025336,3,641,未中,1,未中,4
2025-12-17,2025337,9,876,未中,2,未中,5
2025-12-18,2025338,7,689,未中,3,未中,6
2025-12-19,2025339,7,676,中,0,中,0
2025-12-20,2025340,3,130,中,0,未中,1
2025-12-21,2025341,9,996,中,0,中,0
2025-12-22,2025342,1,681,中,0,未中,1
2025-12-23,2025343,3,645,未中,1,未中,2
2025-12-24,2025344,5,622,未中,2,中,0
2025-12-25,2025345,5,630,未中,3,未中,1
2025-12-26,2025346,4,897,未中,4,未中,2
2025-12-27,2025347,0,192,未中,5,未中,3
2025-12-28,2025348,0,278,未中,6,未中,4
2025-12-29,2025349,4,743,中,0,未中,5
2025-12-30,2025350,3,580,未中,1,未中,6
2025-12-31,2025351,3,452,未中,2,未中,7
2026-01-01,2026001,9,298,中,0,未中,8
2026-01-02,2026002,7,520,未中,1,未中,9
2026-01-03,2026003,7,601,未中,2,未中,10
2026-01-04,2026004,4,019,未中,3,未中,11
2026-01-05,2026005,4,476,中,0,未中,12
2026-01-06,2026006,0,244,未中,1,中,0
2026-01-07,2026007,0,353,未中,2,中,0
2026-01-08,2026008,0,252,未中,3,中,0
2026-01-09,2026009,0,265,未中,4,未中,1
2026-01-10,2026010,6,667,中,0,中,0
2026-01-11,2026011,0,647,未中,1,未中,1
2026-01-12,2026012,3,241,未中,2,未中,2
2026-01-13,2026013,3,513,中,0,未中,3
2026-01-14,2026014,7,050,未中,1,中,0
2026-01-15,2026015,1,532,未中,2,未中,1
2026-01-16,2026016,1,582,未中,3,未中,2
2026-01-17,2026017,9,945,中,0,未中,3
2026-01-18,2026018,8,494,未中,1,中,0
2026-01-19,2026019,3,223,中,0,中,0
2026-01-20,2026020,0,676,未中,1,中,0
2026-01-21,2026021,3,559,未中,2,中,0
2026-01-22,2026022,1,678,未中,3,未中,1
2026-01-23,2026023,8,784,中,0,未中,2
2026-01-24,2026024,1,911,中,0,中,0
2026-01-25,2026025,8,029,未中,1,未中,1
2026-01-26,2026026,6,099,未中,2,中,0
2026-01-27,2026027,4,126,未中,3,未中,1
2026-01-28,2026028,7,270,中,0,未中,2
2026-01-29,2026029,5,003,未中,1,中,0
2026-01-30,2026030,9,134,未中,2,未中,1
2026-01-31,2026031,9,142,未中,3,未中,2
2026-02-01,2026032,9,452,未中,4,未中,3
2026-02-02,2026033,8,119,未中,5,中,0
2026-02-03,2026034,5,052,中,0,未中,1
2026-02-04,2026035,4,213,未中,1,未中,2
2026-02-05,2026036,9,762,未中,2,未中,3
2026-02-06,2026037,6,420,未中,3,未中,4
2026-02-07,2026038,6,467,中,0,未中,5
2026-02-08,2026039,8,450,未中,1,未中,6
2026-02-09,2026040,8,425,未中,2,未中,7
2026-02-10,2026041,8,901,未中,3,未中,8
2026-02-11,2026042,8,854,中,0,未中,9
2026-02-12,2026043,9,765,未中,1,未中,10
2026-02-13,2026044,0,589,未中,2,未中,11
2026-02-24,2026045,3,181,未中,3,中,0
2026-02-25,2026046,3,291,未中,4,未中,1
2026-02-26,2026047,9,936,中,0,未中,2
2026-02-27,2026048,2,612,中,0,未中,3
2026-02-28,2026049,8,110,未中,1,中,0
2026-03-01,2026050,9,689,中,0,未中,1
2026-03-02,2026051,4,302,未中,1,未中,2
2026-03-03,2026052,0,277,未中,2,中,0
2026-03-04,2026053,5,755,中,0,中,0
2026-03-05,2026054,8,217,未中,1,未中,1
2026-03-06,2026055,5,107,未中,2,未中,2
2026-03-07,2026056,2,477,未中,3,中,0
2026-03-08,2026057,8,264,未中,4,未中,1
2026-03-09,2026058,8,543,未中,5,未中,2
2026-03-10,2026059,5,794,未中,6,未中,3
2026-03-11,2026060,5,943,未中,7,未中,4
2026-03-12,2026061,5,429,未中,8,未中,5
2026-03-13,2026062,6,294,未中,9,未中,6
2026-03-14,2026063,8,517,未中,10,未中,7
2026-03-15,2026064,6,604,中,0,未中,8
2026-03-16,2026065,9,057,未中,1,未中,9
2026-03-17,2026066,9,934,中,0,未中,10
2026-03-18,2026067,7,695,未中,1,未中,11
2026-03-19,2026068,7,706,中,0,未中,12
2026-03-20,2026069,5,908,未中,1,未中,13
2026-03-21,2026070,4,484,中,0,中,0
2026-03-22,2026071,7,261,未中,1,未中,1
2026-03-23,2026072,1,245,未中,2,未中,2
2026-03-24,2026073,5,504,中,0,未中,3
2026-03-25,2026074,8,487,中,0,未中,4
2026-03-26,2026075,6,816,中,0,未中,5
2026-03-27,2026076,1,863,未中,1,未中,6
2026-03-28,2026077,9,112,未中,2,中,0
2026-03-29,2026078,9,049,中,0,未中,1
2026-03-30,2026079,2,233,中,0,中,0
2026-03-31,2026080,9,802,未中,1,未中,1
2026-04-01,2026081,3,827,未中,2,未中,2
2026-04-02,2026082,5,942,未中,3,未中,3
2026-04-03,2026083,4,506,未中,4,未中,4
2026-04-04,2026084,1,456,未中,5,未中,5
2026-04-05,2026085,4,118,未中,6,中,0
2026-04-06,2026086,4,382,未中,7,未中,1
2026-04-07,2026087,6,911,未中,8,中,0
2026-04-08,2026088,5,608,未中,9,未中,1
2026-04-09,2026089,2,922,中,0,中,0
2026-04-10,2026090,5,816,未中,1,未中,1
2026-04-11,2026091,3,537,中,0,未中,2
2026-04-12,2026092,2,870,未中,1,未中,3
2026-04-13,2026093,7,518,未中,2,未中,4
2026-04-14,2026094,7,418,未中,3,未中,5
2026-04-15,2026095,3,022,未中,4,中,0
2026-04-16,2026096,6,689,中,0,未中,1
2026-04-17,2026097,4,818,未中,1,中,0
2026-04-18,2026098,4,513,未中,2,未中,1
2026-04-19,2026099,0,877,未中,3,中,0
2026-04-20,2026100,6,414,未中,4,中,0
2026-04-21,2026101,6,584,未中,5,未中,1
2026-04-22,2026102,7,420,未中,6,未中,2
2026-04-23,2026103,2,661,未中,7,中,0
2026-04-24,2026104,7,482,未中,8,未中,1
2026-04-25,2026105,7,631,未中,9,未中,2
2026-04-26,2026106,7,928,未中,10,未中,3
2026-04-27,2026107,1,278,未中,11,未中,4
2026-04-28,2026108,7,671,中,0,未中,5
2026-04-29,2026109,8,195,未中,1,未中,6
2026-04-30,2026110,3,379,中,0,未中,7
2026-05-01,2026111,1,863,未中,1,未中,8
2026-05-02,2026112,1,065,未中,2,未中,9
2026-05-03,2026113,0,040,中,0,中,0
2026-05-04,2026114,9,864,未中,1,未中,1
2026-05-05,2026115,9,581,未中,2,未中,2
2026-05-06,2026116,9,020,未中,3,中,0
2026-05-07,2026117,4,411,中,0,中,0
2026-05-08,2026118,3,132,中,0,未中,1
2026-05-09,2026119,5,112,未中,1,中,0
2026-05-10,2026120,4,734,中,0,未中,1
2026-05-11,2026121,4,393,未中,1,中,0
2026-05-12,2026122,9,346,未中,2,未中,1
2026-05-13,2026123,9,200,未中,3,中,0
2026-05-14,2026124,5,280,未中,4,未中,1
2026-05-15,2026125,7,954,未中,5,未中,2
2026-05-16,2026126,7,846,未中,6,未中,3
2026-05-17,2026127,6,700,未中,7,中,0
2026-05-18,2026128,8,776,未中,8,中,0
2026-05-19,2026129,8,023,未中,9,未中,1
2026-05-20,2026130,5,267,未中,10,未中,2
2026-05-21,2026131,5,598,中,0,未中,3
2026-05-22,2026132,0,756,未中,1,未中,4
2026-05-23,2026133,3,080,未中,2,中,0
2026-05-24,2026134,6,654,中,0,未中,1
2026-05-25,2026135,4,487,中,0,未中,2
2026-05-26,2026136,9,889,中,0,中,0
2026-05-27,2026137,6,165,中,0,未中,1
2026-05-28,2026138,1,790,未中,1,未中,2
2026-05-29,2026139,0,286,未中,2,未中,3
2026-05-30,2026140,9,285,未中,3,未中,4
2026-05-31,2026141,1,397,未中,4,未中,5
2026-06-01,2026142,6,894,未中,5,未中,6
2026-06-02,2026143,1,376,未中,6,未中,7
2026-06-03,2026144,6,726,中,0,未中,8
2026-06-04,2026145,5,279,未中,1,未中,9
2026-06-05,2026146,5,464,未中,2,中,0
2026-06-06,2026147,3,712,未中,3,未中,1
2026-06-07,2026148,8,408,中,0,未中,2
2026-06-08,2026149,0,696,未中,1,中,0
2026-06-09,2026150,6,720,未中,2,未中,1
2026-06-10,2026151,6,631,中,0,未中,2
2026-06-11,2026152,4,220,未中,1,中,0
2026-06-12,2026153,9,887,未中,2,中,0
2026-06-13,2026154,6,377,未中,3,中,0
2026-06-14,2026155,9,409,中,0,未中,1
2026-06-15,2026156,1,162,中,0,未中,2
2026-06-16,2026157,9,327,未中,1,未中,3
2026-06-17,2026158,9,178,未中,2,未中,4
2026-06-18,2026159,8,995,未中,3,中,0
2026-06-19,2026160,4,332,未中,4,中,0
2026-06-20,2026161,8,529,未中,5,未中,1
2026-06-21,2026162,8,585,中,0,中,0
2026-06-22,2026163,4,537,未中,1,未中,1
2026-06-23,2026164,4,690,未中,2,未中,2
2026-06-24,2026165,0,424,未中,3,中,0
2026-06-25,2026166,0,900,中,0,中,0
2026-06-26,2026167,1,631,中,0,未中,1
2026-06-27,2026168,2,130,未中,1,未中,2
2026-06-28,2026169,6,832,未中,2,未中,3
2026-06-29,2026170,2,805,未中,3,未中,4
2026-06-30,2026171,9,134,未中,4,未中,5
2026-07-01,2026172,0,445,未中,5,中,0
2026-07-02,2026173,6,677,中,0,中,0
2026-07-03,2026174,8,618,中,0,未中,1
2026-07-04,2026175,9,421,未中,1,未中,2
2026-07-05,2026176,9,269,中,0,未中,3
2026-07-06,2026177,8,808,中,0,中,0
2026-07-07,2026178,9,266,未中,1,中,0
2026-07-08,2026179,0,993,未中,2,中,0
2026-07-09,2026180,1,520,未中,3,未中,1
2026-07-10,2026181,5,818,未中,4,中,0
2026-07-11,2026182,5,662,未中,5,中,0
2026-07-12,2026183,3,923,中,0,未中,1
2026-07-13,2026184,3,902,未中,1,未中,2
2026-07-14,2026185,3,397,中,0,未中,3
2026-07-15,2026186,4,045,中,0,未中,4
2026-07-16,2026187,8,023,未中,1,未中,5
2026-07-17,2026188,1,969,未中,2,中,0
2026-07-18,2026189,8,558,中,0,中,0
2026-07-19,2026190,1,026,未中,1,未中,1
2026-07-20,2026191,5,906,未中,2,未中,2
2026-07-21,2026192,5,425,中,0,未中,3
2026-07-22,2026193,1,254,未中,1,未中,4
2026-07-23,2026194,6,283,未中,2,未中,5
2026-07-24,2026195,8,275,未中,3,未中,6
2026-07-25,2026196,1,419,中,0,未中,7
2026-07-26,2026197,5,232,未中,1,中,0
2026-07-27,2026198,5,685,中,0,未中,1
